Household_Size,Appliance_Count,Average_Temperature,Working_Hours,Solar_Usage,Electricity_Tariff,Day_Type,Previous_Consumption,Energy_Consumption,High_Usage,Efficiency_Category
4,16,15.3,6,0.39,8.64,Weekend,179.26,276.66,0,Low
5,8,21.03,10,0.36,5.1,Weekday,280.1,344.66,0,Low
3,20,39.4,5,0.05,9.73,Weekend,413.01,478.42,1,Medium
5,8,35.04,0,0.22,6.75,Weekday,72.44,224.03,0,Low
5,9,38.99,6,0.02,7.33,Weekday,321.53,454.01,1,Medium
2,9,27.2,9,0.58,7.76,Weekend,413.05,375.6,0,Low
3,12,17.74,6,0.11,7.67,Weekday,120.61,239.92,0,Low
3,14,28.7,8,0.87,6.58,Weekday,56.76,221.22,0,Low
3,21,26.36,0,0.52,6.0,Weekday,190.72,283.91,0,Low
5,13,36.11,1,0.7,3.38,Weekend,314.66,325.58,0,Low
4,23,17.45,10,0.41,3.15,Weekend,112.23,320.83,0,Low
3,18,27.21,8,0.56,5.51,Weekend,241.76,318.92,0,Low
6,12,18.75,8,0.94,5.34,Weekend,298.54,343.7,0,Low
5,13,23.12,5,0.08,5.71,Weekday,319.5,380.56,0,Low
2,15,33.43,5,0.25,3.97,Weekend,173.49,305.28,0,Low
4,5,26.9,3,0.78,8.17,Weekend,230.01,218.7,0,Low
6,18,24.4,3,0.1,9.0,Weekend,400.25,489.35,1,Medium
6,9,24.86,4,0.08,9.57,Weekday,473.55,499.69,1,Medium
2,18,26.49,2,0.36,6.45,Weekend,437.85,411.08,1,Medium
4,8,34.63,0,0.09,7.91,Weekend,303.93,368.24,0,Low
5,5,37.3,0,0.59,8.99,Weekday,234.63,267.65,0,Low
1,23,38.88,11,0.23,5.93,Weekday,199.83,387.16,0,Low
4,12,34.67,6,0.9,5.17,Weekday,106.23,251.75,0,Low
2,19,22.89,0,0.78,9.56,Weekday,97.95,153.79,0,Low
6,19,32.2,0,0.7,6.61,Weekend,359.76,403.56,1,Medium
5,13,25.94,2,0.62,6.48,Weekday,166.91,293.75,0,Low
4,13,21.37,9,0.86,4.25,Weekend,164.6,237.24,0,Low
1,14,36.02,3,0.22,3.76,Weekend,499.19,420.25,1,Medium
1,24,15.96,3,0.87,8.89,Weekend,134.57,185.62,0,Low
3,13,37.54,1,0.79,7.3,Weekend,116.63,208.16,0,Low
3,7,26.54,0,0.75,5.28,Weekend,94.41,150.05,0,Low
2,24,30.93,2,0.56,4.34,Weekday,310.91,351.98,0,Low
4,15,31.48,10,0.25,6.89,Weekend,332.54,424.16,1,Medium
4,10,37.38,3,0.42,7.09,Weekend,214.35,341.52,0,Low
6,6,30.92,2,0.79,4.45,Weekend,290.94,267.86,0,Low
6,11,30.35,7,0.03,8.96,Weekday,404.78,504.54,1,Medium
6,22,16.67,9,0.78,3.59,Weekend,418.15,465.99,1,Medium
3,6,27.96,0,0.24,5.49,Weekend,481.06,377.97,0,Low
4,21,18.75,1,0.14,7.76,Weekday,420.92,460.47,1,Medium
4,15,33.44,6,0.12,4.92,Weekend,304.18,400.23,0,Medium
1,16,27.81,3,0.03,8.79,Weekend,130.85,244.66,0,Low
3,23,32.01,7,0.52,8.18,Weekday,94.89,278.97,0,Low
5,11,16.04,10,0.22,8.52,Weekend,74.53,277.41,0,Low
3,24,17.12,2,0.99,3.83,Weekend,349.94,280.43,0,Low
5,10,32.91,5,0.57,3.98,Weekend,413.39,451.23,1,Medium
1,5,16.8,8,0.14,5.01,Weekend,278.91,246.76,0,Low
2,21,16.78,0,0.69,6.63,Weekend,74.62,175.95,0,Low
4,15,15.3,0,0.9,8.24,Weekday,290.96,266.95,0,Low
1,22,38.91,7,0.75,8.86,Weekday,471.09,438.3,1,Medium
4,21,33.44,2,0.08,7.93,Weekday,318.93,432.77,1,Medium
6,11,23.83,4,0.9,9.5,Weekend,414.24,404.46,1,Medium
2,21,22.41,0,0.79,8.17,Weekend,410.07,327.97,0,Low
2,24,23.74,4,0.16,5.14,Weekend,469.46,451.33,1,Medium
1,13,34.37,10,0.05,4.86,Weekday,396.6,438.96,1,Medium
2,21,31.53,5,0.56,7.87,Weekend,386.47,399.74,0,Low
5,24,19.63,7,0.16,4.35,Weekend,155.35,395.72,0,Low
2,12,19.35,2,0.83,3.65,Weekend,76.97,120.28,0,Low
4,21,17.46,2,0.36,6.73,Weekday,282.92,337.82,0,Low
4,11,31.51,11,0.91,8.75,Weekday,106.0,241.02,0,Low
4,5,34.11,10,0.57,3.71,Weekend,482.99,422.87,1,Medium
4,17,21.63,10,0.18,8.54,Weekend,180.47,329.69,0,Low
5,23,15.52,9,0.14,8.68,Weekend,433.82,517.11,1,Medium
3,23,17.05,8,0.58,6.38,Weekday,224.43,349.0,0,Low
6,21,39.2,3,0.76,3.4,Weekday,195.44,371.39,0,Low
1,17,22.39,3,0.78,4.22,Weekday,470.82,322.09,0,Low
4,20,34.23,11,0.28,7.95,Weekend,213.5,402.37,0,Medium
2,12,30.62,6,0.2,7.98,Weekday,225.63,318.97,0,Low
4,23,24.55,1,0.02,9.29,Weekend,97.74,324.67,0,Low
2,22,20.14,7,0.68,7.08,Weekend,351.7,370.15,0,Low
6,5,18.03,5,0.08,3.87,Weekday,179.98,314.38,0,Low
6,18,30.38,2,0.42,3.85,Weekend,313.52,401.83,0,Medium
6,23,34.37,8,0.6,8.05,Weekday,316.11,458.3,1,Medium
2,19,31.1,4,0.94,4.29,Weekend,373.64,309.5,0,Low
4,22,28.26,7,0.31,5.3,Weekend,385.36,487.35,1,Medium
6,6,16.05,6,0.25,6.41,Weekday,281.5,298.06,0,Low
5,21,39.21,7,0.65,3.17,Weekend,198.95,359.44,0,Low
2,22,34.97,6,0.62,4.74,Weekend,426.85,420.1,1,Medium
2,10,22.32,2,0.33,5.86,Weekend,189.44,237.96,0,Low
4,23,39.5,1,0.93,4.96,Weekend,278.38,353.26,0,Low
2,8,30.05,6,0.84,3.95,Weekend,230.56,218.13,0,Low
2,5,29.56,2,0.22,8.1,Weekend,434.79,350.16,0,Low
6,12,33.7,2,0.24,8.69,Weekend,244.36,390.74,0,Low
4,11,35.29,1,0.51,4.8,Weekend,223.74,281.33,0,Low
6,7,31.41,3,0.77,8.42,Weekday,360.42,345.5,0,Low
6,14,18.2,7,0.04,5.7,Weekday,321.1,462.77,1,Medium
4,14,23.46,11,0.69,6.55,Weekend,98.26,252.56,0,Low
1,23,38.2,0,0.65,8.99,Weekend,278.68,339.16,0,Low
6,18,20.62,0,0.23,8.25,Weekday,380.97,440.51,1,Medium
5,6,24.3,11,0.68,8.64,Weekend,496.43,424.31,1,Medium
5,5,25.8,4,0.94,3.96,Weekday,333.12,300.1,0,Low
2,22,25.99,10,0.05,3.49,Weekday,216.63,385.84,0,Low
5,11,30.32,4,0.32,9.25,Weekday,151.77,322.77,0,Low
2,12,38.58,10,0.44,5.71,Weekend,442.77,430.59,1,Medium
1,5,21.02,11,0.9,5.02,Weekend,416.55,289.44,0,Low
4,7,18.04,0,0.96,8.07,Weekend,155.27,101.43,0,Low
4,12,19.94,5,0.44,8.85,Weekday,140.28,263.81,0,Low
4,19,37.17,0,0.75,9.04,Weekday,371.81,388.88,0,Low
5,9,31.15,4,0.53,5.21,Weekday,191.73,308.38,0,Low
1,7,22.15,8,0.54,8.97,Weekend,187.88,180.4,0,Low
5,23,35.4,11,0.28,3.29,Weekday,118.53,369.93,0,Low
5,5,36.53,4,0.22,3.35,Weekday,168.79,319.78,0,Low
1,19,36.16,5,0.29,7.36,Weekend,242.38,305.64,0,Low
1,12,37.97,7,0.56,3.44,Weekday,379.78,347.81,0,Low
1,6,21.31,10,0.03,5.27,Weekday,201.34,235.35,0,Low
1,7,33.88,0,0.91,7.71,Weekend,197.87,161.07,0,Low
4,18,26.51,1,0.16,5.36,Weekend,178.21,342.58,0,Low
3,18,36.05,8,0.22,4.26,Weekday,265.23,390.97,0,Low
3,15,33.21,2,0.52,4.97,Weekend,131.29,262.57,0,Low
1,20,34.41,5,0.71,6.2,Weekday,268.53,321.28,0,Low
3,8,31.4,4,0.1,6.33,Weekend,366.88,371.49,0,Low
3,24,19.44,10,0.32,8.48,Weekday,63.41,266.17,0,Low
1,9,28.63,1,0.97,8.25,Weekend,54.4,112.48,0,Low
3,18,39.62,6,0.26,6.2,Weekday,83.81,307.18,0,Low
5,20,38.43,3,0.31,8.92,Weekend,291.05,452.0,1,Medium
2,22,16.08,0,0.84,3.8,Weekend,434.5,341.52,0,Low
2,11,19.12,3,0.05,4.79,Weekend,52.2,161.5,0,Low
1,14,18.29,5,0.46,8.8,Weekend,471.5,339.4,0,Low
4,11,33.15,6,0.38,5.65,Weekend,97.83,276.87,0,Low
1,5,35.44,6,0.32,9.87,Weekend,428.89,316.42,0,Low
4,23,20.34,6,0.29,6.26,Weekend,267.28,380.43,0,Low
2,20,27.65,2,0.09,8.54,Weekday,346.71,378.0,0,Low
1,23,36.02,5,0.31,5.82,Weekday,279.81,394.18,0,Low
6,8,33.32,7,0.04,5.97,Weekend,264.67,423.22,1,Medium
5,22,28.56,3,0.78,5.68,Weekend,425.7,466.35,1,Medium
3,6,29.76,7,0.4,8.03,Weekday,390.15,361.57,0,Low
4,5,27.71,1,0.44,6.83,Weekday,267.53,279.62,0,Low
6,19,22.44,9,0.89,9.61,Weekend,100.24,273.34,0,Low
3,9,29.13,8,0.66,4.76,Weekday,101.93,199.29,0,Low
3,24,32.22,8,0.01,3.7,Weekday,410.69,566.7,1,Medium
1,15,36.83,7,0.94,5.75,Weekend,288.23,299.75,0,Low
3,14,30.91,9,0.24,7.32,Weekend,266.72,346.77,0,Low
5,6,34.03,9,0.11,9.03,Weekend,356.26,488.01,1,Medium
6,7,19.0,0,0.77,5.42,Weekday,436.48,345.14,0,Low
3,16,26.54,1,0.5,7.58,Weekend,332.99,346.54,0,Low
1,24,15.23,5,0.43,5.45,Weekend,393.28,378.12,0,Low
5,9,21.17,9,0.25,7.32,Weekday,394.37,385.94,0,Low
2,9,33.16,4,0.55,9.19,Weekend,210.32,234.09,0,Low
6,10,39.8,11,0.27,4.62,Weekday,173.34,426.03,1,Medium
3,13,17.48,8,0.9,5.83,Weekday,410.52,320.2,0,Low
1,6,25.04,4,0.22,9.95,Weekday,219.73,248.96,0,Low
2,16,35.0,1,0.88,9.08,Weekday,456.5,360.18,0,Low
2,7,20.1,9,0.56,6.95,Weekday,81.36,154.08,0,Low
4,24,28.88,3,0.83,6.62,Weekday,76.2,289.45,0,Low
5,16,33.33,8,0.71,4.99,Weekend,467.15,483.32,1,Medium
3,21,30.4,0,0.7,6.62,Weekend,341.8,350.2,0,Low
1,14,19.7,10,0.32,8.94,Weekend,220.82,253.84,0,Low
4,18,23.88,0,0.23,7.8,Weekday,389.78,401.69,0,Medium
5,21,34.59,11,0.21,5.03,Weekend,352.55,532.88,1,Medium
4,22,28.86,6,0.86,4.41,Weekday,289.04,374.41,0,Low
6,23,15.13,10,0.82,4.86,Weekend,94.49,262.66,0,Low
5,21,34.02,2,0.44,4.19,Weekday,415.48,480.54,1,Medium
5,18,15.88,9,0.13,3.67,Weekend,439.71,479.16,1,Medium
3,13,33.64,1,0.38,5.93,Weekday,127.48,261.98,0,Low
5,12,20.06,8,0.62,3.79,Weekend,432.73,394.47,0,Low
4,6,38.95,2,0.45,4.2,Weekday,445.03,434.32,1,Medium
5,17,24.2,1,0.78,6.83,Weekend,297.24,332.19,0,Low
3,11,23.17,11,1.0,4.15,Weekday,345.28,308.62,0,Low
3,13,18.72,7,0.19,3.45,Weekend,222.01,285.47,0,Low
6,15,22.64,9,0.46,5.22,Weekend,176.81,326.64,0,Low
4,18,36.92,5,0.43,4.54,Weekend,374.89,498.36,1,Medium
2,8,39.91,5,0.3,6.61,Weekday,437.84,444.65,1,Medium
2,17,24.21,9,0.2,3.72,Weekday,344.33,384.4,0,Low
5,6,26.22,10,0.07,8.26,Weekday,280.22,412.43,1,Medium
6,9,33.05,6,0.89,9.34,Weekday,121.52,284.16,0,Low
1,15,37.15,6,0.42,8.2,Weekday,74.06,212.98,0,Low
5,10,29.83,10,0.5,6.73,Weekend,250.56,340.27,0,Low
6,22,24.79,5,0.92,9.02,Weekday,72.21,281.85,0,Low
4,14,25.32,3,0.78,7.86,Weekend,306.2,318.26,0,Low
4,8,32.39,10,0.13,3.07,Weekend,222.23,347.24,0,Low
4,13,15.08,8,0.57,5.76,Weekday,390.74,375.03,0,Low
4,10,30.49,5,0.44,8.96,Weekend,187.54,262.39,0,Low
4,6,23.89,3,0.8,5.42,Weekday,316.84,274.39,0,Low
6,21,34.85,11,0.72,3.25,Weekday,291.96,422.75,1,Medium
6,9,17.32,2,0.69,8.22,Weekday,52.12,157.9,0,Low
3,10,29.71,3,0.34,8.61,Weekend,82.58,204.28,0,Low
2,16,27.02,2,0.8,4.12,Weekday,180.67,226.66,0,Low
4,14,31.06,1,0.05,6.76,Weekday,447.01,452.18,1,Medium
1,10,16.62,4,0.16,4.34,Weekday,116.16,153.58,0,Low
6,12,29.5,1,0.34,8.03,Weekend,369.9,432.99,1,Medium
1,6,29.04,5,0.08,4.9,Weekday,488.01,422.98,1,Medium
1,16,29.02,2,0.23,5.21,Weekend,405.76,387.72,0,Low
1,17,30.09,5,0.83,8.91,Weekend,159.33,247.97,0,Low
3,11,31.91,10,0.95,6.33,Weekday,458.76,413.29,1,Medium
6,14,35.12,9,0.3,7.69,Weekend,91.9,337.56,0,Low
1,17,21.75,8,0.26,5.82,Weekend,260.66,319.22,0,Low
4,21,35.63,0,0.28,5.09,Weekday,449.39,486.75,1,Medium
5,18,27.46,5,0.28,7.38,Weekday,338.57,454.91,1,Medium
1,6,16.93,8,0.04,4.08,Weekday,236.14,245.02,0,Low
3,15,16.46,10,0.93,5.61,Weekend,181.77,206.49,0,Low
6,5,23.36,3,0.21,4.46,Weekday,218.79,342.94,0,Low
3,23,34.62,10,0.42,7.87,Weekend,279.02,422.73,1,Medium
1,8,32.69,11,0.01,9.61,Weekend,193.57,284.58,0,Low
6,23,34.72,1,0.86,9.97,Weekend,486.04,490.21,1,Medium
5,15,27.93,3,0.73,6.15,Weekend,469.88,419.33,1,Medium
1,12,26.0,0,0.95,4.77,Weekend,441.8,263.87,0,Low
3,15,18.69,2,0.78,6.1,Weekday,239.82,231.43,0,Low
2,8,23.2,9,0.31,8.93,Weekday,361.09,342.61,0,Low
4,21,25.85,8,0.25,4.44,Weekend,456.27,498.97,1,Medium
3,11,17.22,9,0.7,9.66,Weekend,432.69,340.24,0,Low
6,12,20.52,4,0.36,5.39,Weekday,236.45,369.7,0,Low
1,7,29.96,10,0.57,9.9,Weekday,100.57,137.95,0,Low
4,6,33.39,5,0.01,8.87,Weekend,84.03,277.31,0,Low
1,19,39.96,2,0.06,8.66,Weekend,309.68,388.86,0,Low
6,9,38.33,4,0.54,5.23,Weekday,339.18,392.18,0,Low
1,5,31.06,10,0.57,3.06,Weekday,432.43,344.68,0,Low
2,8,25.53,7,0.75,5.67,Weekend,181.63,196.01,0,Low
4,19,30.9,5,0.13,5.11,Weekday,125.36,362.32,0,Low
4,24,34.64,3,0.51,3.26,Weekday,220.55,392.56,0,Low
6,23,17.96,1,0.19,6.54,Weekend,209.11,416.56,1,Medium
2,7,25.25,8,0.09,5.82,Weekend,109.61,218.89,0,Low
3,24,36.0,11,0.41,7.44,Weekend,352.53,495.2,1,Medium
1,15,24.6,0,0.16,7.35,Weekday,278.91,268.94,0,Low
5,21,29.3,0,0.22,3.85,Weekend,374.51,455.94,1,Medium
1,17,29.69,3,0.32,9.84,Weekday,208.71,269.12,0,Low
1,15,19.61,6,0.26,4.31,Weekend,196.57,262.16,0,Low
3,6,24.06,0,0.09,6.12,Weekend,262.66,296.08,0,Low
1,13,23.36,8,0.09,6.42,Weekday,444.83,382.48,0,Low
2,6,15.65,3,0.19,8.69,Weekday,68.13,157.18,0,Low
2,13,15.6,2,0.05,3.69,Weekend,412.17,353.28,0,Low
4,13,35.79,0,0.63,6.0,Weekend,216.04,281.05,0,Low
6,12,21.83,9,0.29,7.4,Weekday,434.58,469.54,1,Medium
5,21,27.95,3,0.28,4.51,Weekend,410.99,448.81,1,Medium
1,5,22.47,8,0.33,7.39,Weekday,206.94,233.51,0,Low
1,15,38.52,9,0.66,9.47,Weekday,362.24,360.57,0,Low
3,12,21.48,5,0.87,9.98,Weekend,121.83,177.68,0,Low
6,14,25.74,5,0.76,3.23,Weekday,453.33,436.14,1,Medium
2,11,36.82,0,0.73,4.65,Weekday,232.02,281.41,0,Low
5,7,36.05,9,0.48,5.17,Weekday,255.03,389.04,0,Low
4,7,19.65,1,0.69,5.79,Weekend,367.59,319.76,0,Low
2,22,35.07,10,0.55,4.7,Weekday,419.38,448.2,1,Medium
6,9,26.45,5,0.22,4.42,Weekend,156.35,298.21,0,Low
4,16,27.07,1,0.21,9.68,Weekend,347.61,397.7,0,Low
3,16,18.34,2,0.3,9.43,Weekend,226.4,292.51,0,Low
3,23,17.02,3,0.91,3.33,Weekday,215.92,271.27,0,Low
1,10,33.2,10,0.55,5.37,Weekday,360.51,341.08,0,Low
6,6,27.41,4,0.73,5.84,Weekend,224.23,266.82,0,Low
5,16,25.92,8,0.35,4.67,Weekend,205.75,346.93,0,Low
4,23,33.24,11,0.41,7.4,Weekday,426.15,498.27,1,Medium
2,9,34.14,3,0.13,7.48,Weekend,95.57,244.99,0,Low
6,16,18.97,10,0.17,8.95,Weekend,354.15,468.26,1,Medium
6,21,30.26,8,0.83,8.19,Weekday,161.93,359.64,0,Low
3,21,18.38,10,0.58,6.8,Weekend,56.97,236.65,0,Low
1,14,33.78,9,0.34,7.58,Weekday,125.04,214.68,0,Low
1,21,31.42,2,0.8,4.92,Weekday,323.0,274.24,0,Low
4,19,38.92,7,0.25,7.15,Weekend,369.11,476.51,1,Medium
3,16,16.72,11,0.98,6.42,Weekday,59.48,167.86,0,Low
6,20,16.43,0,0.34,3.93,Weekday,66.39,293.56,0,Low
5,23,22.05,10,0.34,4.7,Weekday,456.14,516.78,1,Medium
3,12,21.54,8,0.31,5.04,Weekend,82.99,207.6,0,Low
4,21,21.17,8,0.12,9.47,Weekend,452.38,507.94,1,Medium
4,9,37.66,9,0.11,4.61,Weekend,152.67,338.97,0,Low
3,20,21.24,1,0.65,5.02,Weekday,383.01,346.18,0,Low
4,10,21.8,3,0.88,5.59,Weekday,189.38,181.8,0,Low
3,12,33.98,7,0.79,7.65,Weekend,436.44,390.86,0,Low
2,22,26.24,6,0.14,3.83,Weekend,365.2,425.9,1,Medium
3,16,34.42,0,0.55,9.68,Weekday,230.82,283.75,0,Low
3,19,16.63,4,0.11,9.06,Weekend,84.34,266.95,0,Low
4,13,27.19,6,0.05,7.04,Weekend,379.72,448.53,1,Medium
4,17,15.84,3,0.66,7.72,Weekend,327.6,323.3,0,Low
1,19,16.57,0,0.54,3.12,Weekend,51.31,136.6,0,Low
1,14,37.66,8,0.08,5.37,Weekend,54.24,273.02,0,Low
2,20,18.48,4,0.03,8.57,Weekday,413.96,422.77,1,Medium
1,11,28.31,10,0.99,3.54,Weekend,166.73,170.25,0,Low
3,21,25.28,1,0.03,4.98,Weekend,336.26,406.02,1,Medium
4,11,23.68,7,0.44,7.1,Weekday,254.4,328.38,0,Low
1,18,37.5,10,0.5,4.79,Weekday,438.54,391.12,0,Low
1,19,15.55,1,0.12,9.54,Weekday,462.63,366.33,0,Low
2,11,31.59,2,0.17,3.92,Weekday,498.56,443.69,1,Medium
6,13,39.08,9,0.35,8.58,Weekend,119.16,387.0,0,Low
2,23,29.0,0,0.76,6.56,Weekend,438.33,405.59,1,Medium
3,20,38.42,10,0.51,8.25,Weekend,169.71,366.98,0,Low
4,12,16.31,1,0.64,5.18,Weekend,315.87,289.46,0,Low
2,22,25.47,6,0.99,6.6,Weekday,277.6,269.63,0,Low
1,22,21.5,9,0.77,9.0,Weekday,58.09,178.61,0,Low
4,24,33.27,1,0.43,6.27,Weekend,469.75,455.82,1,Medium
4,11,39.53,5,0.45,5.52,Weekend,85.25,297.23,0,Low
1,7,21.41,2,0.62,6.75,Weekend,359.7,228.74,0,Low
2,22,31.35,3,0.67,8.02,Weekend,403.25,380.01,0,Low
1,14,19.95,10,0.5,6.1,Weekday,407.88,364.96,0,Low
6,11,29.13,7,0.64,9.57,Weekend,110.97,249.58,0,Low
4,21,26.6,2,0.02,5.06,Weekday,251.41,372.72,0,Low
5,18,39.3,9,0.43,6.33,Weekday,423.24,517.88,1,Medium
5,7,30.21,5,0.28,8.3,Weekday,186.21,321.14,0,Low
3,16,23.74,0,0.13,7.82,Weekday,260.49,327.03,0,Low
1,17,17.85,6,0.1,9.05,Weekend,172.76,258.15,0,Low
1,6,18.78,7,0.6,9.98,Weekend,258.6,229.01,0,Low
3,7,20.63,10,0.52,5.99,Weekend,449.53,382.38,0,Low
3,9,21.27,7,0.25,3.78,Weekend,254.81,309.24,0,Low
3,15,36.27,2,0.47,3.21,Weekday,300.16,370.4,0,Low
4,12,29.03,9,0.49,8.09,Weekday,231.79,323.97,0,Low
6,16,28.08,0,0.2,9.12,Weekday,257.05,436.23,1,Medium
1,11,17.87,8,0.65,4.54,Weekend,56.83,77.87,0,Low
4,19,36.5,5,0.78,4.11,Weekday,177.69,344.5,0,Low
3,21,33.07,10,0.79,3.44,Weekday,246.46,366.48,0,Low
1,8,16.69,8,0.6,8.76,Weekday,335.21,254.64,0,Low
4,17,32.7,6,0.51,5.18,Weekday,252.52,363.96,0,Low
6,22,28.59,0,0.06,5.81,Weekend,202.02,407.67,1,Medium
4,5,17.04,11,0.29,6.52,Weekday,224.64,305.51,0,Low
6,20,26.46,11,0.09,8.88,Weekday,159.03,413.1,1,Medium
3,17,27.12,0,0.96,7.56,Weekend,466.02,348.81,0,Low
6,14,19.14,5,0.14,7.31,Weekend,284.78,413.85,1,Medium
1,16,38.64,4,0.15,4.23,Weekend,56.03,276.63,0,Low
3,6,36.25,8,0.89,6.59,Weekday,58.75,132.58,0,Low
1,7,31.73,1,0.94,8.01,Weekday,487.83,351.25,0,Low
5,14,26.56,7,0.77,9.81,Weekday,149.65,254.77,0,Low
2,6,25.29,10,0.01,4.41,Weekday,412.52,371.92,0,Low
6,17,31.27,4,0.0,3.07,Weekend,76.22,328.02,0,Low
2,17,28.64,1,0.38,3.53,Weekday,464.52,409.2,1,Medium
2,22,16.56,9,0.14,5.63,Weekday,443.49,417.83,1,Medium
6,7,27.81,10,0.02,8.74,Weekend,306.99,406.76,1,Medium
3,11,35.16,10,0.46,3.05,Weekend,54.05,227.73,0,Low
5,18,26.48,11,0.94,6.2,Weekend,166.01,305.21,0,Low
1,24,16.3,5,0.32,5.3,Weekday,233.07,298.13,0,Low
4,21,34.66,9,0.66,3.37,Weekday,257.03,412.32,1,Medium
1,16,20.03,7,0.65,6.15,Weekday,183.96,239.43,0,Low
4,20,21.47,3,0.25,4.78,Weekday,64.83,284.32,0,Low
1,16,19.12,1,0.65,5.46,Weekday,315.56,248.91,0,Low
6,19,23.26,11,0.21,7.94,Weekend,285.87,413.89,1,Medium
5,14,33.92,10,0.12,6.65,Weekend,177.35,351.17,0,Low
4,11,27.98,4,0.7,3.87,Weekday,67.09,218.84,0,Low
3,24,20.12,11,0.11,9.73,Weekday,497.57,539.02,1,Medium
1,9,36.95,1,1.0,7.45,Weekday,266.89,200.96,0,Low
1,5,36.99,1,0.18,8.36,Weekday,390.2,308.26,0,Low
4,21,36.76,5,0.59,3.55,Weekday,253.54,362.11,0,Low
3,7,20.97,10,0.41,3.33,Weekend,69.43,195.12,0,Low
3,17,26.28,9,0.13,3.14,Weekend,189.32,345.03,0,Low
6,18,39.62,8,0.03,4.32,Weekend,194.05,475.74,1,Medium
6,22,34.3,3,0.62,5.9,Weekday,427.26,487.52,1,Medium
6,8,15.68,5,0.81,9.55,Weekday,344.4,313.36,0,Low
6,22,16.63,6,0.84,6.2,Weekend,173.94,329.37,0,Low
6,9,26.6,10,0.48,5.03,Weekend,485.48,437.04,1,Medium
6,20,37.73,5,0.78,6.93,Weekday,194.69,378.88,0,Low
5,5,28.47,7,0.67,3.78,Weekend,499.21,414.33,1,Medium
3,18,27.45,3,0.72,7.27,Weekend,498.27,435.74,1,Medium
6,19,17.64,11,0.49,6.98,Weekday,136.04,341.19,0,Low
3,13,31.42,0,0.63,8.54,Weekend,190.73,237.7,0,Low
3,19,35.55,6,0.81,9.91,Weekend,268.72,328.86,0,Low
2,21,24.51,2,0.4,4.76,Weekend,348.85,314.92,0,Low
5,8,34.39,5,0.81,6.57,Weekday,287.62,340.98,0,Low
6,16,39.11,1,0.59,9.36,Weekend,486.25,510.25,1,Medium
1,9,20.09,8,0.17,8.5,Weekend,375.8,356.14,0,Low
4,9,28.08,0,0.02,6.41,Weekend,145.42,271.96,0,Low
1,15,22.18,5,0.36,9.62,Weekday,97.29,212.47,0,Low
5,10,34.82,5,0.55,3.4,Weekday,359.78,377.95,0,Low
4,11,29.44,4,0.84,9.52,Weekend,121.3,161.87,0,Low
5,18,30.86,4,0.13,3.35,Weekday,404.45,485.91,1,Medium
3,15,34.95,0,0.8,6.83,Weekend,189.97,243.5,0,Low
4,17,24.9,9,0.86,9.23,Weekday,197.1,267.23,0,Low
3,6,37.88,11,0.15,4.84,Weekday,54.86,278.03,0,Low
1,11,28.33,4,0.85,6.31,Weekend,365.46,297.88,0,Low
1,24,18.95,1,0.99,5.27,Weekend,100.97,154.44,0,Low
4,8,32.4,6,0.73,9.67,Weekend,397.8,363.45,0,Low
4,12,34.83,2,0.78,8.77,Weekday,271.34,311.41,0,Low
6,24,22.92,3,0.99,7.96,Weekend,402.93,410.17,1,Medium
5,23,36.43,2,0.61,7.11,Weekday,312.77,438.93,1,Medium
6,17,37.65,2,0.31,8.74,Weekday,87.09,307.71,0,Low
5,18,21.92,3,0.84,5.75,Weekend,394.54,359.57,0,Low
6,14,39.59,4,0.61,6.13,Weekday,81.41,288.65,0,Low
3,15,18.52,0,0.58,8.11,Weekend,265.42,276.1,0,Low
4,6,20.05,3,0.25,5.5,Weekday,127.56,214.88,0,Low
1,13,19.61,11,0.76,3.45,Weekend,388.55,333.31,0,Low
5,21,37.35,11,0.08,3.52,Weekday,460.22,599.23,1,Medium
5,7,31.36,10,0.92,3.81,Weekday,299.36,310.74,0,Low
1,10,18.8,7,0.33,9.09,Weekend,287.22,277.68,0,Low
6,9,26.01,9,0.13,6.31,Weekday,393.78,454.76,1,Medium
5,9,30.38,6,0.44,7.99,Weekend,52.29,251.75,0,Low
3,19,17.09,8,0.04,5.75,Weekday,462.99,482.8,1,Medium
4,21,37.06,4,0.68,4.81,Weekday,138.85,335.9,0,Low
1,13,35.09,9,0.9,5.43,Weekday,492.85,386.74,0,Low
4,7,27.63,3,0.84,8.56,Weekend,381.31,348.55,0,Low
5,24,39.18,7,0.13,7.38,Weekend,398.41,560.57,1,Medium
5,21,25.44,8,0.13,9.56,Weekend,345.29,475.67,1,Medium
1,14,39.6,6,0.81,7.76,Weekend,262.25,276.87,0,Low
3,7,31.7,6,0.92,6.99,Weekend,307.23,263.09,0,Low
2,22,30.87,4,0.46,7.27,Weekday,70.88,256.45,0,Low
1,22,19.15,3,0.5,9.6,Weekday,330.78,316.86,0,Low
2,21,37.05,9,0.32,8.52,Weekend,331.74,431.24,1,Medium
6,7,25.69,0,0.89,3.17,Weekday,451.04,378.2,0,Low
2,7,19.06,9,0.64,6.74,Weekday,277.55,248.09,0,Low
3,10,15.32,9,0.29,7.82,Weekday,84.71,245.58,0,Low
6,17,28.99,6,0.3,8.24,Weekday,187.79,369.31,0,Low
2,19,28.18,0,0.89,4.49,Weekend,345.03,311.7,0,Low
6,13,32.98,0,0.01,9.07,Weekday,157.67,357.22,0,Low
2,8,37.26,4,0.32,9.69,Weekend,176.24,214.67,0,Low
3,18,16.99,8,0.55,4.66,Weekend,419.21,383.71,0,Low
2,9,33.29,5,0.15,9.18,Weekday,312.94,327.61,0,Low
2,6,19.69,2,0.09,3.68,Weekend,278.84,266.15,0,Low
2,15,36.45,2,0.82,3.39,Weekday,193.3,246.47,0,Low
1,13,35.48,6,0.89,3.9,Weekday,378.92,323.61,0,Low
1,7,28.52,5,0.82,3.4,Weekday,179.47,157.69,0,Low
1,13,32.76,8,0.9,8.92,Weekend,381.68,308.02,0,Low
3,7,22.86,5,0.55,3.41,Weekend,81.55,183.37,0,Low
6,6,26.78,4,0.81,4.9,Weekend,439.04,368.68,0,Low
5,16,35.54,9,0.38,3.73,Weekday,274.8,385.25,0,Low
2,14,26.48,6,0.67,5.07,Weekday,247.33,273.25,0,Low
2,13,23.94,0,0.99,3.63,Weekday,324.96,261.72,0,Low
3,19,27.36,11,0.23,7.68,Weekend,330.89,437.31,1,Medium
2,12,35.71,6,0.39,3.93,Weekday,109.42,250.35,0,Low
1,9,23.38,2,0.48,8.96,Weekday,390.31,315.31,0,Low
5,15,19.34,8,0.14,8.72,Weekend,174.17,359.75,0,Low
4,6,32.8,5,0.08,3.1,Weekend,457.23,442.4,1,Medium
2,19,35.65,8,0.83,9.27,Weekend,418.03,404.92,1,Medium
1,10,17.52,4,0.98,3.2,Weekday,205.82,149.28,0,Low
4,12,21.0,6,0.4,4.68,Weekday,413.48,392.0,0,Low
5,9,18.55,3,0.09,3.23,Weekday,210.38,331.52,0,Low
4,20,23.7,6,0.07,5.35,Weekend,95.43,312.77,0,Low
1,22,26.26,0,0.89,6.6,Weekend,482.85,351.2,0,Low
6,10,33.72,6,0.46,8.58,Weekend,343.67,369.16,0,Low
6,9,31.28,7,0.32,5.37,Weekend,255.24,366.49,0,Low
4,20,30.52,4,0.48,7.94,Weekday,229.0,327.75,0,Low
3,17,23.81,1,0.32,4.31,Weekday,196.12,285.68,0,Low
4,9,36.04,4,0.49,8.25,Weekday,491.65,420.87,1,Medium
2,17,26.78,5,0.86,4.65,Weekday,110.64,206.83,0,Low
2,21,39.48,11,0.59,4.0,Weekday,191.66,366.44,0,Low
6,22,30.85,1,0.69,4.3,Weekday,268.47,391.16,0,Low
3,12,18.16,5,0.36,4.27,Weekday,265.1,271.35,0,Low
1,17,31.9,5,0.74,6.59,Weekday,262.11,283.48,0,Low
2,23,23.13,0,0.67,8.91,Weekend,129.1,259.81,0,Low
6,7,32.16,0,0.12,3.56,Weekend,115.22,328.74,0,Low
5,12,16.74,10,0.57,7.95,Weekday,164.65,247.42,0,Low
6,6,19.37,9,0.26,7.58,Weekend,461.54,420.02,1,Medium
2,12,36.39,2,0.8,9.11,Weekday,100.87,153.61,0,Low
2,17,20.68,9,0.43,4.71,Weekday,390.84,352.72,0,Low
6,17,35.93,9,0.99,6.15,Weekend,390.9,450.27,1,Medium
1,5,21.98,11,0.09,9.48,Weekday,414.4,342.01,0,Low
4,10,31.07,2,0.78,7.62,Weekday,448.98,360.93,0,Low
2,23,32.35,3,0.67,5.72,Weekday,168.37,302.02,0,Low
6,20,27.82,1,0.77,3.92,Weekday,151.05,316.59,0,Low
6,12,22.63,8,0.31,4.84,Weekday,259.48,344.54,0,Low
3,5,20.32,9,0.49,7.07,Weekday,169.29,237.24,0,Low
4,20,15.83,11,0.8,8.03,Weekday,380.44,391.83,0,Low
5,13,22.6,10,0.23,3.87,Weekend,336.17,428.45,1,Medium
1,17,31.33,6,0.23,7.2,Weekend,443.74,410.45,1,Medium
5,15,38.46,6,0.55,6.85,Weekday,87.23,299.25,0,Low
4,17,36.78,5,0.52,6.6,Weekend,461.79,434.78,1,Medium
4,14,34.15,2,0.28,7.83,Weekday,182.01,340.79,0,Low
4,8,34.71,5,0.3,8.86,Weekday,270.81,329.56,0,Low
5,10,31.62,11,0.28,5.26,Weekday,247.38,367.14,0,Low
4,11,21.51,7,0.77,9.22,Weekday,392.14,328.92,0,Low
6,9,37.68,7,0.65,4.12,Weekend,239.15,396.62,0,Low
5,15,31.77,10,0.83,4.21,Weekend,474.6,451.24,1,Medium
4,17,29.01,8,0.98,4.87,Weekend,456.14,432.95,1,Medium
6,23,17.77,0,0.47,3.84,Weekend,442.47,462.07,1,Medium
3,14,26.18,0,0.07,4.61,Weekday,82.07,225.99,0,Low
4,14,26.51,2,0.05,3.74,Weekend,434.42,429.53,1,Medium
5,15,36.61,2,0.3,8.75,Weekday,401.74,451.12,1,Medium
2,11,28.67,9,0.93,3.97,Weekday,96.58,170.81,0,Low
4,22,24.51,7,0.52,8.23,Weekend,98.34,300.73,0,Low
2,8,39.42,9,0.27,3.34,Weekday,95.52,245.6,0,Low
6,6,17.77,0,0.4,9.64,Weekend,55.1,180.69,0,Low
3,18,25.56,1,0.6,7.98,Weekend,296.89,301.5,0,Low
1,17,16.05,1,0.65,3.05,Weekend,488.03,312.28,0,Low
3,16,33.5,2,0.15,8.35,Weekend,247.41,331.65,0,Low
4,11,37.95,5,0.98,6.6,Weekend,293.34,337.28,0,Low
2,6,22.0,0,0.54,8.46,Weekday,485.59,314.22,0,Low
2,17,36.46,1,0.14,6.66,Weekend,164.83,297.99,0,Low
5,18,22.31,0,0.89,7.49,Weekend,436.31,372.75,0,Low
2,21,37.77,4,0.07,8.5,Weekday,295.88,408.91,1,Medium
5,13,33.85,6,0.91,5.84,Weekend,306.26,360.1,0,Low
6,21,35.12,7,1.0,3.02,Weekend,204.43,350.84,0,Low
1,12,15.45,9,0.7,8.95,Weekday,302.71,247.32,0,Low
4,6,39.07,0,0.77,5.67,Weekday,82.91,220.03,0,Low
5,17,33.17,6,0.34,6.47,Weekend,394.09,455.16,1,Medium
1,7,22.62,4,0.94,3.05,Weekday,178.11,125.13,0,Low
2,20,35.73,9,0.53,6.44,Weekend,449.42,467.72,1,Medium
2,10,22.04,0,0.73,9.91,Weekday,215.53,220.83,0,Low
1,23,36.82,2,0.92,4.95,Weekend,114.27,193.75,0,Low
2,11,17.81,6,0.98,5.77,Weekend,363.15,221.99,0,Low
6,14,32.59,9,0.83,7.81,Weekend,124.06,302.79,0,Low
6,13,28.52,0,0.3,8.7,Weekday,389.16,433.06,1,Medium
1,6,17.41,6,0.97,5.92,Weekend,485.65,286.06,0,Low
5,19,21.05,4,0.63,5.17,Weekday,400.8,422.5,1,Medium
5,9,15.31,0,0.93,9.56,Weekend,60.1,127.3,0,Low
1,8,26.72,0,0.68,7.74,Weekend,319.95,253.12,0,Low
5,24,22.53,0,0.31,3.83,Weekend,362.93,424.43,1,Medium
5,8,29.96,10,0.37,3.48,Weekend,421.46,447.84,1,Medium
6,22,22.43,8,0.55,6.38,Weekend,75.2,287.58,0,Low
5,8,22.5,10,0.79,4.54,Weekday,266.05,300.68,0,Low
3,21,33.58,2,0.32,4.78,Weekday,290.92,357.98,0,Low
4,16,16.2,4,0.58,9.14,Weekday,126.11,207.34,0,Low
2,21,37.57,10,0.35,3.63,Weekend,195.1,394.45,0,Low
3,14,36.31,9,0.82,8.01,Weekend,248.1,280.49,0,Low
5,5,31.7,11,0.47,4.9,Weekday,424.94,425.24,1,Medium
6,22,29.83,8,0.08,8.32,Weekend,468.23,594.15,1,Medium
1,22,37.31,5,0.17,8.06,Weekend,332.79,455.75,1,Medium
5,18,19.63,11,0.06,3.05,Weekend,227.73,404.3,1,Medium
6,19,16.97,8,0.5,6.56,Weekday,164.31,334.75,0,Low
4,16,20.99,7,0.11,3.98,Weekday,491.96,486.74,1,Medium
5,8,34.86,7,0.11,9.06,Weekday,492.36,528.9,1,Medium
1,7,15.87,0,0.94,9.1,Weekday,466.24,250.36,0,Low
6,24,29.57,8,0.87,5.93,Weekday,403.55,463.98,1,Medium
6,16,39.89,5,0.45,6.11,Weekend,196.6,415.28,1,Medium
6,11,36.39,8,0.99,5.12,Weekend,417.65,416.75,1,Medium
4,15,28.04,2,0.0,8.02,Weekend,233.96,332.13,0,Low
5,5,16.59,11,0.61,5.51,Weekend,197.05,224.39,0,Low
4,10,35.78,2,0.62,4.87,Weekday,385.19,371.91,0,Low
2,19,29.97,5,0.46,6.03,Weekday,85.84,243.89,0,Low
2,19,17.87,8,0.4,3.64,Weekend,71.85,235.65,0,Low
5,23,17.35,6,0.46,8.23,Weekday,251.58,383.66,0,Low
4,15,37.74,2,0.41,3.09,Weekend,250.54,362.09,0,Low
1,6,31.73,2,0.73,7.51,Weekend,453.04,326.94,0,Low
6,18,35.73,1,0.14,4.28,Weekend,106.77,360.83,0,Low
6,6,36.97,8,0.2,4.63,Weekend,105.48,299.84,0,Low
5,8,29.29,2,0.18,7.45,Weekday,116.35,245.88,0,Low
2,21,27.94,10,0.26,9.95,Weekend,63.38,300.08,0,Low
2,7,25.76,4,0.53,8.44,Weekday,82.28,111.52,0,Low
6,17,22.92,8,0.11,4.58,Weekend,346.94,464.22,1,Medium
5,13,25.86,7,0.87,4.23,Weekend,244.21,365.32,0,Low
4,11,34.35,1,0.3,9.06,Weekend,393.62,418.04,1,Medium
2,19,30.05,2,0.16,6.11,Weekend,496.67,461.31,1,Medium
4,15,37.31,1,0.68,3.96,Weekday,346.57,342.53,0,Low
2,24,26.08,7,0.04,9.04,Weekend,72.71,330.94,0,Low
2,6,30.18,5,0.62,8.71,Weekday,97.05,191.34,0,Low
3,19,30.78,5,0.7,9.89,Weekend,446.45,434.26,1,Medium
2,18,29.79,11,0.21,9.37,Weekend,287.37,386.04,0,Low
1,24,32.57,8,0.04,8.96,Weekend,421.18,487.74,1,Medium
5,15,20.94,7,0.36,3.37,Weekday,435.48,444.59,1,Medium
5,7,27.81,3,0.1,3.73,Weekend,467.45,434.69,1,Medium
4,21,17.61,11,0.12,6.98,Weekend,477.42,527.67,1,Medium
2,16,24.61,3,0.25,6.72,Weekend,299.67,329.65,0,Low
1,19,27.19,8,0.3,6.21,Weekend,203.46,310.74,0,Low
4,20,31.31,0,0.53,5.78,Weekend,482.84,459.93,1,Medium
3,9,38.76,1,0.68,6.02,Weekday,296.33,314.68,0,Low
4,24,30.02,1,0.59,6.99,Weekday,78.91,274.23,0,Low
4,10,33.59,5,0.15,3.01,Weekend,339.25,403.54,1,Medium
2,23,27.66,3,0.17,4.82,Weekend,314.46,390.81,0,Low
3,9,30.85,10,0.88,6.63,Weekday,453.11,435.32,1,Medium
4,7,16.77,9,0.56,8.06,Weekend,343.93,333.32,0,Low
1,5,21.36,2,0.87,4.22,Weekday,207.07,185.34,0,Low
1,10,24.05,2,0.37,6.83,Weekend,484.8,355.39,0,Low
5,19,26.81,2,0.61,8.0,Weekend,410.73,421.61,1,Medium
3,6,16.14,5,0.52,6.11,Weekday,333.69,251.78,0,Low
3,7,18.5,7,0.32,3.19,Weekend,181.82,269.47,0,Low
5,21,21.92,10,0.47,6.14,Weekday,218.09,354.7,0,Low
4,16,39.29,6,0.5,5.08,Weekday,351.49,463.81,1,Medium
3,22,23.28,3,0.2,9.51,Weekday,82.39,252.71,0,Low
1,19,27.05,10,0.32,3.87,Weekend,165.51,304.64,0,Low
1,16,19.9,11,0.79,7.57,Weekday,371.26,278.51,0,Low
2,20,30.27,3,0.92,3.37,Weekday,266.01,274.98,0,Low
3,12,22.02,10,0.36,6.12,Weekend,231.08,306.04,0,Low
4,18,20.17,9,0.31,6.88,Weekend,118.16,282.64,0,Low
5,21,27.91,10,0.2,5.09,Weekend,248.83,429.76,1,Medium
5,12,15.14,10,0.68,6.19,Weekend,396.81,372.53,0,Low
4,19,15.19,10,0.32,4.14,Weekend,168.81,329.11,0,Low
6,18,20.48,1,0.99,5.13,Weekend,52.43,160.92,0,Low
2,22,15.92,0,0.33,7.35,Weekday,350.83,328.92,0,Low
5,24,17.7,8,0.39,5.11,Weekend,487.68,535.03,1,Medium
3,11,23.47,11,0.6,9.3,Weekday,323.07,342.19,0,Low
2,7,35.06,11,0.8,7.4,Weekend,103.96,221.59,0,Low
3,16,29.3,1,0.47,6.07,Weekday,194.33,297.24,0,Low
1,7,27.82,7,0.42,3.27,Weekday,440.44,323.01,0,Low
2,24,22.34,8,1.0,6.5,Weekend,154.66,249.57,0,Low
5,18,38.29,3,0.01,8.35,Weekend,323.46,479.6,1,Medium
2,19,24.93,7,0.9,4.86,Weekday,231.2,308.75,0,Low
2,18,17.18,8,0.15,8.65,Weekend,143.53,286.35,0,Low
2,11,30.43,9,0.79,4.76,Weekend,416.03,361.77,0,Low
6,21,17.85,9,0.62,8.77,Weekday,384.27,458.07,1,Medium
2,16,23.63,4,0.34,3.6,Weekday,347.72,356.13,0,Low
3,24,27.69,6,0.87,9.06,Weekday,156.35,287.08,0,Low
1,8,36.86,9,0.01,6.49,Weekend,94.04,247.27,0,Low
4,13,27.34,3,0.23,5.08,Weekend,309.27,381.36,0,Low
2,10,32.56,0,0.57,4.86,Weekend,299.16,299.23,0,Low
5,20,39.82,2,0.35,6.02,Weekend,134.77,381.05,0,Low
2,6,18.29,4,0.61,9.99,Weekday,75.31,136.31,0,Low
5,12,21.87,2,0.02,4.54,Weekend,86.32,304.93,0,Low
3,15,24.86,11,0.12,3.72,Weekday,496.75,512.41,1,Medium
5,17,25.55,10,0.13,7.1,Weekend,402.61,502.53,1,Medium
4,21,25.28,6,0.19,6.42,Weekend,464.89,475.41,1,Medium
1,12,37.69,11,0.46,6.67,Weekday,137.77,237.09,0,Low
5,22,32.85,8,0.75,7.67,Weekend,482.26,501.72,1,Medium
5,22,30.2,11,0.91,4.87,Weekend,114.19,311.63,0,Low
1,18,22.73,5,0.84,9.37,Weekday,279.09,281.7,0,Low
4,19,35.59,9,0.2,6.05,Weekend,423.36,453.86,1,Medium
2,10,38.88,0,0.44,3.9,Weekday,207.41,245.68,0,Low
5,15,35.53,6,0.2,8.2,Weekday,241.17,402.29,0,Medium
1,17,15.04,2,0.26,7.5,Weekday,107.68,166.02,0,Low
3,5,30.91,4,0.5,5.21,Weekday,105.31,180.42,0,Low
1,10,16.28,9,0.07,7.35,Weekend,328.81,302.26,0,Low
3,13,21.44,3,0.22,4.54,Weekend,353.99,337.4,0,Low
4,12,16.49,9,0.94,6.11,Weekend,399.8,315.92,0,Low
2,15,30.09,4,0.47,9.3,Weekday,300.51,351.79,0,Low
1,23,32.16,4,0.45,3.93,Weekend,340.59,385.06,0,Low
6,13,17.86,5,0.01,5.71,Weekend,56.08,300.9,0,Low
5,21,24.6,9,0.25,8.75,Weekend,122.98,350.61,0,Low
4,16,26.41,11,0.87,9.79,Weekend,493.21,463.06,1,Medium
1,18,24.23,9,0.16,6.18,Weekday,84.2,261.75,0,Low
5,19,18.03,10,0.42,6.55,Weekday,355.45,436.79,1,Medium
1,20,25.47,5,0.01,7.01,Weekend,129.24,266.95,0,Low
3,24,33.78,7,0.48,9.53,Weekday,372.52,438.76,1,Medium
1,5,16.78,7,0.02,9.01,Weekend,367.7,326.35,0,Low
6,14,17.0,10,0.82,4.19,Weekend,155.39,266.36,0,Low
1,12,23.87,8,0.82,6.06,Weekend,171.34,161.51,0,Low
1,22,38.54,7,0.79,6.25,Weekday,344.65,356.22,0,Low
6,5,31.71,10,0.28,8.52,Weekend,225.54,396.09,0,Low
4,6,31.97,1,0.84,7.22,Weekday,137.55,183.98,0,Low
1,5,24.05,11,0.54,7.58,Weekday,379.26,303.33,0,Low
6,5,29.84,9,0.37,9.99,Weekend,119.37,280.89,0,Low
5,13,15.25,11,0.63,3.52,Weekday,435.04,424.54,1,Medium
3,17,30.9,10,0.01,4.56,Weekday,281.6,428.24,1,Medium
3,5,37.83,0,0.14,5.86,Weekend,97.57,203.45,0,Low
1,17,30.31,9,0.74,5.43,Weekday,362.33,344.46,0,Low
4,24,36.84,1,0.24,3.15,Weekday,283.62,398.68,0,Low
4,11,33.1,1,0.6,3.64,Weekend,184.13,259.28,0,Low
5,6,18.01,11,0.39,7.77,Weekend,240.14,308.87,0,Low
1,10,37.56,2,0.85,9.16,Weekday,184.25,234.74,0,Low
3,11,16.66,9,0.95,6.6,Weekend,168.36,196.52,0,Low
4,18,28.35,6,0.88,6.77,Weekend,123.62,237.52,0,Low
1,22,18.55,1,0.27,4.79,Weekday,213.25,262.93,0,Low
4,19,15.29,0,0.19,8.38,Weekday,162.94,301.82,0,Low
6,6,25.55,5,0.47,8.26,Weekend,357.55,363.35,0,Low
4,14,22.38,8,0.01,7.12,Weekday,357.74,448.95,1,Medium
3,16,27.15,2,0.03,4.49,Weekend,275.83,353.9,0,Low
2,21,29.43,5,0.55,3.68,Weekend,400.08,380.02,0,Low
5,12,16.09,2,0.52,3.45,Weekday,428.6,368.75,0,Low
5,15,18.08,0,0.99,7.15,Weekday,310.89,253.36,0,Low
3,7,28.97,11,0.2,8.78,Weekend,328.52,326.72,0,Low
4,10,23.58,4,0.26,9.01,Weekend,177.3,277.74,0,Low
1,13,33.23,9,0.11,6.25,Weekend,452.69,434.69,1,Medium
4,10,31.31,10,0.92,8.49,Weekend,60.89,207.5,0,Low
3,13,36.14,3,0.78,9.63,Weekday,206.87,269.11,0,Low
5,11,32.31,6,0.82,4.93,Weekend,374.81,427.92,1,Medium
4,13,25.75,5,0.9,5.79,Weekday,86.04,198.64,0,Low
5,22,31.82,9,0.52,9.52,Weekday,132.43,328.15,0,Low
1,16,21.88,6,0.45,5.37,Weekend,315.18,279.83,0,Low
5,12,22.66,4,0.33,9.4,Weekday,302.0,361.99,0,Low
5,12,34.72,3,0.59,9.87,Weekday,382.52,399.71,0,Low
2,22,26.16,6,0.45,7.63,Weekend,415.68,390.75,0,Low
2,24,34.96,6,0.45,8.72,Weekday,107.86,296.63,0,Low
6,19,35.56,5,0.94,8.25,Weekday,58.27,275.93,0,Low
2,11,36.44,7,0.98,7.9,Weekend,360.34,346.4,0,Low
5,15,37.92,3,0.8,5.15,Weekend,185.63,295.25,0,Low
3,24,25.77,9,0.76,3.4,Weekend,331.69,374.8,0,Low
5,20,22.97,4,0.68,5.4,Weekend,117.75,307.64,0,Low
3,8,29.55,3,0.17,7.67,Weekend,261.07,320.76,0,Low
3,10,24.28,11,0.06,3.72,Weekend,276.99,340.9,0,Low
2,7,30.03,0,0.69,3.08,Weekend,313.29,238.44,0,Low
4,13,32.64,11,0.73,3.98,Weekday,280.93,330.1,0,Low
1,14,32.21,7,0.05,8.01,Weekday,273.06,347.71,0,Low
2,18,24.36,0,0.93,9.81,Weekend,199.73,230.57,0,Low
2,15,19.17,4,0.09,9.88,Weekday,82.03,253.14,0,Low
4,22,25.76,5,0.29,6.46,Weekday,90.28,273.69,0,Low
1,16,18.56,5,0.67,9.09,Weekend,245.2,248.66,0,Low
5,16,37.25,4,0.17,8.16,Weekday,210.11,399.09,0,Low
6,17,23.65,2,0.06,6.51,Weekend,282.26,413.84,1,Medium
6,17,18.86,4,0.33,7.01,Weekday,187.18,329.82,0,Low
5,23,15.64,11,0.77,3.96,Weekend,359.56,370.28,0,Low
2,23,31.15,7,0.41,9.56,Weekday,438.78,467.6,1,Medium
1,18,30.92,1,0.65,5.46,Weekday,184.49,207.63,0,Low
2,8,23.52,5,0.58,6.12,Weekday,136.84,166.02,0,Low
3,17,16.79,8,0.02,7.7,Weekend,102.28,284.87,0,Low
2,12,25.24,7,0.99,5.34,Weekday,327.31,232.04,0,Low
2,23,22.78,10,0.04,4.78,Weekday,249.74,357.79,0,Low
5,16,31.93,7,0.97,7.42,Weekend,134.61,298.47,0,Low
5,22,30.14,7,0.55,3.17,Weekend,343.91,447.82,1,Medium
5,10,24.11,6,0.96,8.05,Weekday,116.82,195.5,0,Low
6,22,20.45,7,0.11,6.6,Weekday,299.44,460.59,1,Medium
3,23,39.7,5,0.49,7.24,Weekday,287.22,422.1,1,Medium
5,9,26.35,1,0.17,7.42,Weekday,380.4,423.75,1,Medium
1,13,32.21,1,0.05,6.69,Weekend,74.8,195.78,0,Low
6,7,18.51,7,0.62,7.08,Weekday,449.54,380.8,0,Low
4,14,27.14,10,0.21,7.79,Weekday,366.35,445.76,1,Medium
1,23,15.69,0,0.59,8.27,Weekend,147.26,209.51,0,Low
1,7,27.64,5,0.11,8.09,Weekday,132.53,186.31,0,Low
5,19,39.1,5,0.33,9.09,Weekday,244.25,401.68,0,Medium
4,5,24.61,10,0.78,4.33,Weekday,417.9,345.91,0,Low
4,11,15.97,3,0.44,5.81,Weekend,429.33,366.05,0,Low
6,16,15.77,11,0.63,9.63,Weekend,284.21,371.45,0,Low
4,21,24.7,10,0.65,5.78,Weekday,437.36,425.59,1,Medium
3,24,19.0,10,0.84,3.87,Weekday,52.45,220.06,0,Low
5,9,15.58,9,0.32,6.68,Weekend,65.83,214.31,0,Low
4,8,33.91,2,0.69,3.77,Weekday,460.32,367.56,0,Low
6,16,26.46,10,0.96,4.42,Weekday,398.9,422.61,1,Medium
3,24,22.23,2,0.73,9.99,Weekend,252.82,305.84,0,Low
2,22,37.5,0,0.49,6.79,Weekend,389.12,424.09,1,Medium
2,21,17.9,2,0.63,4.99,Weekend,480.04,366.5,0,Low
3,23,38.9,3,0.74,9.96,Weekday,397.44,433.12,1,Medium
6,13,22.85,10,0.61,9.77,Weekday,429.07,415.71,1,Medium
3,8,37.21,10,0.02,6.09,Weekday,392.27,440.27,1,Medium
5,6,30.07,4,0.19,4.82,Weekday,125.69,289.33,0,Low
5,8,35.67,2,0.81,8.87,Weekend,425.11,397.53,0,Low
2,6,39.6,5,0.27,8.01,Weekday,137.8,261.8,0,Low
4,19,22.21,10,0.73,7.81,Weekday,451.68,450.56,1,Medium
6,6,39.03,11,0.37,9.25,Weekend,256.39,393.37,0,Low
2,8,24.74,4,0.52,7.83,Weekend,354.64,305.45,0,Low
4,10,24.64,2,0.07,4.99,Weekday,273.76,379.17,0,Low
4,11,23.51,5,0.18,7.86,Weekend,92.3,244.34,0,Low
5,14,28.54,5,0.96,5.14,Weekend,180.83,297.64,0,Low
1,23,18.85,7,0.89,8.31,Weekday,492.68,394.42,0,Low
1,23,28.84,1,0.65,7.34,Weekday,482.32,396.35,0,Low
3,16,28.54,0,0.46,3.54,Weekday,194.22,273.07,0,Low
5,7,34.05,3,0.68,6.59,Weekday,498.33,432.68,1,Medium
4,17,35.84,6,0.62,5.4,Weekend,430.5,466.17,1,Medium
6,22,26.01,10,0.57,5.3,Weekend,324.93,461.55,1,Medium
1,12,22.56,9,0.06,7.22,Weekday,68.06,202.21,0,Low
4,19,21.48,2,0.63,5.26,Weekday,455.65,370.62,0,Low
1,5,19.87,2,0.77,8.44,Weekend,300.84,199.47,0,Low
1,7,16.44,4,0.99,3.5,Weekday,440.81,203.08,0,Low
1,12,23.56,4,0.01,7.62,Weekday,425.49,351.11,0,Low
6,8,21.76,9,0.73,8.66,Weekday,424.85,392.66,0,Low
5,20,39.16,2,0.57,7.71,Weekday,364.18,426.29,1,Medium
6,14,28.94,8,0.43,6.48,Weekend,181.14,362.74,0,Low
2,16,23.68,3,0.13,9.65,Weekday,201.27,284.75,0,Low
4,18,29.51,2,0.41,5.1,Weekend,188.81,335.64,0,Low
5,18,18.48,10,0.35,3.13,Weekday,59.02,247.8,0,Low
5,6,26.1,1,0.3,6.02,Weekday,312.16,325.14,0,Low
5,9,30.66,9,0.73,3.23,Weekend,364.48,382.3,0,Low
5,9,27.22,10,0.7,9.68,Weekday,434.24,414.63,1,Medium
6,10,25.04,8,0.59,4.47,Weekend,113.07,288.54,0,Low
5,17,39.85,3,0.94,8.52,Weekday,294.88,351.7,0,Low
3,13,37.01,2,0.35,8.42,Weekday,53.6,226.47,0,Low
4,19,30.59,6,0.24,4.52,Weekday,92.79,323.31,0,Low
5,18,29.23,7,0.66,7.35,Weekday,74.4,232.92,0,Low
4,11,30.52,10,0.2,3.34,Weekday,376.47,442.49,1,Medium
3,24,20.03,1,0.32,6.39,Weekend,86.48,270.61,0,Low
3,6,24.88,6,0.22,3.1,Weekend,372.4,326.17,0,Low
4,11,15.99,11,0.07,9.45,Weekday,162.33,294.83,0,Low
1,10,26.89,4,0.83,9.83,Weekday,444.97,336.01,0,Low
2,21,28.58,10,0.25,4.56,Weekend,415.92,466.9,1,Medium
1,6,20.69,4,0.47,4.46,Weekend,481.02,330.52,0,Low
1,7,39.1,2,0.04,8.28,Weekday,447.69,419.96,1,Medium
6,9,37.74,4,0.7,4.77,Weekday,470.0,495.31,1,Medium
1,9,33.05,11,0.33,9.27,Weekend,436.43,393.74,0,Low
5,5,28.33,1,0.74,7.02,Weekday,362.02,312.86,0,Low
6,12,36.75,3,0.41,5.46,Weekend,126.62,344.33,0,Low
6,16,18.27,5,0.2,8.83,Weekday,172.27,337.2,0,Low
3,8,34.76,0,0.51,6.45,Weekend,145.73,207.58,0,Low
1,17,18.12,9,0.13,9.38,Weekend,321.61,332.36,0,Low
3,19,34.86,3,0.44,9.5,Weekday,276.63,372.14,0,Low
4,15,21.89,5,0.32,4.16,Weekend,440.19,419.77,1,Medium
2,14,36.93,8,0.91,3.02,Weekday,478.7,393.64,0,Low
6,7,38.6,10,0.06,9.89,Weekday,232.19,400.35,0,Medium
4,18,18.72,10,0.69,9.34,Weekday,277.86,364.8,0,Low
4,20,26.57,1,0.18,3.39,Weekday,487.18,482.45,1,Medium
5,14,39.52,10,0.32,8.83,Weekend,174.31,369.48,0,Low
2,14,27.09,6,0.42,6.2,Weekday,406.58,364.46,0,Low
4,16,36.59,5,0.91,4.81,Weekday,151.36,290.5,0,Low
4,13,29.72,1,0.24,9.15,Weekday,356.66,403.95,1,Medium
2,5,24.38,7,0.09,4.38,Weekday,164.13,229.17,0,Low
2,9,22.14,6,0.32,9.63,Weekend,447.68,367.91,0,Low
4,24,20.08,10,0.1,4.44,Weekday,302.67,447.11,1,Medium
2,12,34.04,4,0.13,7.3,Weekend,133.67,257.87,0,Low
4,15,24.66,11,0.57,4.56,Weekend,150.97,260.65,0,Low
4,16,27.78,4,0.06,6.82,Weekend,272.23,399.76,0,Low
5,5,27.31,6,0.03,7.79,Weekday,482.72,456.32,1,Medium
1,24,29.43,8,0.71,4.33,Weekday,396.34,396.27,0,Low
4,15,36.64,10,0.36,6.65,Weekday,269.74,410.21,1,Medium
3,9,39.52,8,0.13,6.28,Weekday,201.97,344.66,0,Low
6,19,25.19,8,0.25,3.5,Weekend,297.17,437.63,1,Medium
1,9,35.69,5,0.64,8.73,Weekend,386.76,308.77,0,Low
1,16,34.11,9,0.28,5.35,Weekday,402.77,388.95,0,Low
1,9,29.34,5,0.49,7.02,Weekday,196.07,209.76,0,Low
5,21,38.9,2,0.12,6.6,Weekday,374.52,516.34,1,Medium
4,21,20.01,0,0.59,6.59,Weekday,346.0,386.99,0,Low
5,16,17.73,6,0.32,3.75,Weekday,481.6,491.01,1,Medium
4,19,36.35,3,0.63,5.96,Weekday,468.99,470.45,1,Medium
5,19,25.98,0,0.81,6.17,Weekday,405.22,422.5,1,Medium
5,10,36.17,7,0.61,8.14,Weekend,375.53,407.14,1,Medium
6,16,37.33,11,0.3,8.88,Weekend,173.32,386.83,0,Low
3,24,16.56,5,0.26,6.81,Weekend,430.68,477.44,1,Medium
5,22,37.09,5,0.33,3.61,Weekend,242.38,440.12,1,Medium
6,18,26.21,1,0.16,4.66,Weekday,172.51,332.19,0,Low
2,6,27.76,0,0.18,4.15,Weekday,222.87,277.9,0,Low
3,13,30.66,1,0.79,3.87,Weekday,426.17,340.2,0,Low
5,9,38.16,3,0.38,5.56,Weekday,116.88,281.4,0,Low
1,24,15.48,1,0.44,4.61,Weekday,255.27,294.5,0,Low
2,5,26.92,0,0.59,4.53,Weekend,271.56,249.77,0,Low
2,7,32.19,6,0.59,3.38,Weekday,66.48,149.8,0,Low
6,10,33.07,10,0.07,3.12,Weekend,138.09,400.67,0,Medium
2,9,32.31,10,0.83,3.72,Weekday,422.03,367.43,0,Low
3,9,18.36,11,0.18,4.21,Weekend,423.85,382.01,0,Low
5,5,22.48,7,0.72,6.02,Weekday,181.59,234.32,0,Low
5,21,23.97,5,0.77,6.57,Weekend,443.7,472.08,1,Medium
1,23,35.11,3,0.71,3.98,Weekday,397.3,348.77,0,Low
6,18,21.97,5,0.58,5.97,Weekday,238.06,384.55,0,Low
1,16,20.27,2,0.01,5.39,Weekday,386.78,378.13,0,Low
2,14,38.94,11,0.36,4.28,Weekday,482.6,486.3,1,Medium
1,24,15.22,7,0.6,3.05,Weekend,256.54,284.56,0,Low
3,22,39.95,9,0.39,6.27,Weekday,157.29,404.9,1,Medium
5,15,31.92,1,0.86,7.8,Weekend,473.82,468.03,1,Medium
2,6,35.71,4,0.31,4.58,Weekday,321.68,310.67,0,Low
1,22,22.37,0,0.29,3.92,Weekend,97.37,229.04,0,Low
6,11,15.36,5,0.27,9.21,Weekday,307.71,405.42,1,Medium
3,19,33.45,1,0.33,4.93,Weekday,275.26,348.28,0,Low
3,15,35.85,3,0.56,4.57,Weekend,435.02,420.92,1,Medium
1,22,33.51,5,0.71,9.0,Weekday,288.81,344.01,0,Low
5,16,18.57,9,0.66,8.72,Weekday,164.85,247.84,0,Low
1,10,33.84,10,0.81,6.14,Weekend,354.04,324.11,0,Low
2,24,34.22,7,0.89,6.42,Weekday,294.16,326.97,0,Low
1,17,31.46,11,0.82,4.52,Weekend,154.87,242.66,0,Low
3,24,34.15,7,0.02,3.55,Weekday,308.13,485.4,1,Medium
1,20,36.15,10,0.74,7.01,Weekend,419.69,356.51,0,Low
5,22,30.34,5,0.21,3.69,Weekend,62.86,347.17,0,Low
6,14,17.22,3,0.13,6.14,Weekend,333.88,448.37,1,Medium
4,12,27.19,7,0.64,9.58,Weekend,207.31,278.56,0,Low
1,22,16.94,7,0.32,9.67,Weekday,181.7,279.2,0,Low
5,5,25.19,9,0.06,4.68,Weekday,226.66,370.61,0,Low
5,12,25.18,0,0.14,7.37,Weekend,203.91,291.64,0,Low
6,10,16.65,3,0.0,6.32,Weekday,424.51,459.35,1,Medium
3,9,23.72,3,0.9,9.13,Weekday,173.66,205.47,0,Low
5,19,17.77,6,0.02,4.9,Weekday,379.92,473.04,1,Medium
5,19,35.21,10,0.21,3.03,Weekend,92.33,367.53,0,Low
5,6,38.69,6,0.42,4.14,Weekday,478.13,447.13,1,Medium
5,5,16.81,10,0.36,5.45,Weekday,330.04,372.28,0,Low
2,15,38.88,7,0.91,5.21,Weekend,368.02,353.34,0,Low
2,14,28.06,10,0.04,8.54,Weekday,184.12,304.16,0,Low
3,22,22.49,4,0.51,7.76,Weekend,235.44,313.83,0,Low
1,22,16.92,6,0.68,5.1,Weekend,150.7,219.48,0,Low
5,21,27.52,7,0.93,6.2,Weekend,469.64,426.16,1,Medium
6,12,34.86,8,0.62,3.67,Weekday,269.65,389.76,0,Low
1,19,32.68,2,0.8,9.29,Weekday,333.7,299.55,0,Low
6,12,16.26,2,0.08,9.55,Weekend,380.42,445.71,1,Medium
1,21,16.82,3,0.39,9.86,Weekend,217.0,219.46,0,Low
3,16,25.07,4,0.37,9.08,Weekend,374.05,400.01,0,Medium
5,12,22.38,9,0.89,4.22,Weekend,354.2,379.58,0,Low
5,18,20.81,0,0.15,3.32,Weekend,367.55,384.46,0,Low
4,8,22.03,6,0.15,7.06,Weekend,270.15,295.82,0,Low
6,5,35.09,8,0.33,9.39,Weekday,222.32,396.15,0,Low
1,5,38.23,7,0.05,4.24,Weekend,149.94,239.57,0,Low
1,23,25.13,4,0.18,3.05,Weekend,421.08,480.83,1,Medium
2,20,37.65,3,0.97,8.64,Weekend,323.76,293.71,0,Low
4,18,23.04,11,0.43,3.54,Weekday,249.96,368.5,0,Low
2,20,26.91,6,0.63,5.9,Weekday,474.8,418.66,1,Medium
2,9,20.65,4,0.73,7.75,Weekday,71.53,121.55,0,Low
2,13,31.01,6,0.37,4.66,Weekday,432.58,410.58,1,Medium
6,6,39.47,11,0.15,3.59,Weekend,498.91,557.28,1,Medium
6,22,30.09,0,0.21,8.39,Weekday,449.12,520.48,1,Medium
3,10,23.95,0,0.31,7.41,Weekend,414.7,337.92,0,Low
3,13,31.2,9,0.64,9.92,Weekend,218.44,320.78,0,Low
2,5,18.07,2,0.4,5.41,Weekend,154.09,176.82,0,Low
4,13,37.22,10,0.01,3.43,Weekend,380.68,488.29,1,Medium
1,20,27.58,1,0.52,8.14,Weekend,187.06,260.2,0,Low
6,17,26.23,1,0.92,6.65,Weekend,129.22,275.68,0,Low
4,13,29.65,6,0.81,4.49,Weekday,403.94,363.69,0,Low
5,17,30.62,11,0.83,8.47,Weekday,190.64,344.39,0,Low
6,13,16.79,9,0.8,4.43,Weekday,461.5,411.06,1,Medium
6,15,32.07,1,0.32,4.82,Weekday,428.28,493.39,1,Medium
3,8,21.05,10,0.77,3.65,Weekday,431.44,338.02,0,Low
1,6,32.85,3,0.14,5.8,Weekend,397.21,357.39,0,Low
1,10,35.56,1,0.66,5.93,Weekday,446.4,329.2,0,Low
5,18,35.1,5,0.64,6.6,Weekday,412.59,470.87,1,Medium
5,8,28.81,7,0.03,7.96,Weekday,321.13,392.42,0,Low
6,10,28.0,9,0.79,9.34,Weekend,183.12,303.28,0,Low
2,23,18.57,3,0.9,3.96,Weekend,449.69,377.17,0,Low
3,10,34.38,4,0.27,3.38,Weekend,428.27,425.62,1,Medium
3,6,21.79,3,0.81,3.13,Weekday,262.8,221.61,0,Low
6,22,27.42,2,0.08,4.01,Weekday,67.59,382.13,0,Low
4,17,22.11,4,0.6,7.61,Weekday,337.34,376.47,0,Low
2,13,18.35,8,0.49,8.09,Weekday,72.77,196.55,0,Low
6,23,30.74,7,0.55,8.51,Weekday,466.83,546.8,1,Medium
2,17,16.36,7,0.93,4.71,Weekend,482.73,366.1,0,Low
2,15,33.72,7,0.87,5.14,Weekday,135.27,257.94,0,Low
2,5,22.94,11,0.79,6.38,Weekend,354.38,267.66,0,Low
6,11,15.0,7,0.27,3.44,Weekday,91.52,286.95,0,Low
3,19,27.78,6,0.91,7.28,Weekend,378.28,367.61,0,Low
3,5,16.17,7,0.1,9.89,Weekend,206.28,246.99,0,Low
2,16,21.9,10,0.85,5.53,Weekend,356.47,316.94,0,Low
4,11,32.67,7,0.33,8.27,Weekend,217.79,341.29,0,Low
1,19,16.57,7,0.05,6.5,Weekday,115.51,228.27,0,Low
6,23,35.98,11,0.67,3.89,Weekday,232.75,453.6,1,Medium
1,5,15.1,9,0.23,7.08,Weekday,100.7,151.59,0,Low
4,21,21.17,6,0.24,5.1,Weekend,309.6,405.01,1,Medium
6,21,33.52,11,0.31,3.24,Weekday,68.43,399.92,0,Low
2,7,22.91,0,0.06,7.44,Weekday,287.29,283.97,0,Low
3,16,17.55,3,0.18,9.01,Weekday,448.87,442.14,1,Medium
1,10,24.01,3,0.01,5.41,Weekday,427.04,356.05,0,Low
5,15,21.76,4,0.45,5.73,Weekend,447.25,412.96,1,Medium
5,7,36.07,9,0.08,9.24,Weekend,464.92,497.87,1,Medium
4,12,22.83,5,0.68,8.7,Weekday,97.04,152.72,0,Low
2,18,34.72,3,0.24,8.0,Weekday,107.94,294.25,0,Low
1,18,37.3,1,0.94,4.74,Weekday,300.65,261.45,0,Low
2,14,25.85,5,0.87,9.37,Weekend,452.29,334.34,0,Low
1,6,37.75,7,0.29,4.08,Weekend,488.46,420.81,1,Medium
4,18,24.43,7,0.78,7.39,Weekend,70.82,231.08,0,Low
4,13,39.1,6,0.8,3.2,Weekday,210.1,302.54,0,Low
5,7,17.23,5,0.99,7.51,Weekend,145.8,139.86,0,Low
2,12,32.18,1,0.6,4.94,Weekend,390.18,361.65,0,Low
6,20,27.35,6,0.08,6.15,Weekend,338.09,501.56,1,Medium
5,6,24.69,10,0.65,5.42,Weekend,103.95,272.16,0,Low
2,10,30.82,11,0.62,4.21,Weekend,267.58,286.32,0,Low
5,16,32.6,4,0.64,7.35,Weekday,358.45,379.94,0,Low
6,9,15.11,5,0.31,9.17,Weekday,400.55,419.5,1,Medium
3,6,19.17,9,0.86,9.71,Weekday,59.02,123.26,0,Low
3,20,32.83,7,0.96,4.35,Weekday,450.71,428.41,1,Medium
3,9,31.66,7,0.22,8.02,Weekend,306.18,391.47,0,Low
3,19,39.15,2,0.09,7.65,Weekday,415.36,486.89,1,Medium
1,16,34.03,11,0.19,5.4,Weekday,413.57,437.22,1,Medium
3,8,38.77,11,0.82,3.13,Weekday,135.43,250.63,0,Low
6,19,32.56,6,0.68,7.83,Weekend,99.58,285.73,0,Low
4,15,22.45,0,0.64,9.62,Weekday,374.58,367.8,0,Low
4,20,17.63,0,0.4,7.42,Weekend,120.39,276.53,0,Low
1,10,34.55,6,0.58,6.05,Weekend,432.47,366.5,0,Low
3,18,31.1,9,0.31,6.68,Weekend,376.79,406.39,1,Medium
3,22,16.2,8,0.48,4.4,Weekday,428.82,414.59,1,Medium
3,16,24.0,6,0.79,8.25,Weekend,184.56,278.05,0,Low
5,15,38.92,9,0.98,8.22,Weekday,192.47,314.68,0,Low
2,17,27.51,4,0.93,4.02,Weekday,352.05,330.24,0,Low
5,15,25.82,7,0.93,9.15,Weekday,64.15,220.64,0,Low
2,20,26.44,1,0.4,4.88,Weekend,376.92,386.03,0,Low
3,19,20.22,8,0.47,9.88,Weekend,426.1,405.47,1,Medium
3,19,24.22,5,0.71,5.68,Weekday,236.82,296.76,0,Low
5,8,24.25,8,0.92,4.25,Weekend,394.2,358.58,0,Low
5,15,16.31,1,0.14,5.46,Weekend,128.57,256.55,0,Low
2,23,34.19,2,0.3,6.08,Weekend,195.02,338.56,0,Low
4,19,25.41,11,0.14,3.49,Weekday,488.44,471.68,1,Medium
2,8,35.55,7,0.61,7.05,Weekend,493.85,388.54,0,Low
5,17,36.26,0,0.31,7.18,Weekend,280.67,413.99,1,Medium
6,23,20.3,9,0.33,8.17,Weekday,470.42,556.52,1,Medium
5,6,31.43,6,0.07,3.2,Weekend,285.23,393.36,0,Low
6,18,26.81,6,0.35,6.79,Weekday,181.21,342.23,0,Low
1,8,37.0,0,0.86,3.37,Weekend,170.1,190.71,0,Low
5,20,20.39,8,0.23,7.91,Weekend,468.28,481.53,1,Medium
1,24,31.95,7,0.7,3.39,Weekend,127.6,269.93,0,Low
4,18,30.19,3,0.63,9.38,Weekend,310.83,342.87,0,Low
2,19,22.38,9,0.86,7.91,Weekend,299.99,286.67,0,Low
6,7,18.42,10,0.13,6.55,Weekend,382.83,409.55,1,Medium
2,12,31.29,4,0.98,6.09,Weekday,274.66,251.98,0,Low
1,20,33.46,1,0.58,3.91,Weekend,172.53,248.73,0,Low
6,14,22.89,8,1.0,5.04,Weekend,126.23,263.96,0,Low
2,8,31.12,11,0.91,9.08,Weekend,329.37,290.67,0,Low
5,22,24.88,11,0.22,9.33,Weekday,373.55,463.06,1,Medium
3,6,32.83,5,0.06,3.01,Weekday,306.28,361.15,0,Low
1,21,19.98,2,0.26,7.16,Weekday,382.26,322.83,0,Low
2,17,37.26,11,0.53,8.04,Weekend,113.68,266.94,0,Low
1,8,22.19,6,0.17,7.33,Weekend,447.11,349.85,0,Low
1,15,24.19,8,0.17,3.57,Weekday,312.08,329.95,0,Low
6,11,16.45,2,0.46,4.52,Weekday,107.08,206.94,0,Low
6,16,17.79,1,0.03,4.75,Weekday,257.87,410.73,1,Medium
3,14,27.9,6,0.12,8.82,Weekend,430.16,473.74,1,Medium
5,11,21.69,6,0.42,6.24,Weekday,453.9,474.04,1,Medium
1,17,35.89,3,0.06,6.41,Weekend,169.09,326.17,0,Low
2,11,15.37,10,0.4,9.54,Weekend,370.07,318.24,0,Low
4,21,24.48,8,0.47,7.46,Weekend,94.99,282.68,0,Low
1,14,23.43,7,0.45,9.29,Weekday,65.1,166.48,0,Low
1,14,15.48,0,0.87,6.2,Weekend,302.18,240.24,0,Low
3,8,18.11,0,0.53,4.05,Weekday,362.67,280.35,0,Low
5,24,25.34,4,0.47,9.51,Weekday,408.1,494.45,1,Medium
4,8,27.32,5,0.41,6.21,Weekday,203.1,306.34,0,Low
6,11,25.11,2,0.82,4.27,Weekday,52.94,206.59,0,Low
6,5,28.27,8,0.9,5.12,Weekend,265.78,275.67,0,Low
2,16,29.88,11,0.85,3.36,Weekend,57.13,195.33,0,Low
4,17,15.25,9,0.67,6.28,Weekend,91.39,228.38,0,Low
6,14,26.6,5,0.14,8.97,Weekend,197.01,399.86,0,Low
2,19,39.09,3,0.28,9.54,Weekday,246.73,360.02,0,Low
5,17,27.98,11,0.05,9.53,Weekday,175.76,371.65,0,Low
2,13,31.94,6,0.93,3.88,Weekday,311.84,307.5,0,Low
6,13,22.8,7,0.66,5.67,Weekday,74.91,248.3,0,Low
3,19,34.35,8,0.75,3.2,Weekend,115.06,221.68,0,Low
3,14,34.32,10,0.31,8.99,Weekday,362.87,429.89,1,Medium
3,14,28.03,5,0.85,5.51,Weekend,113.96,216.09,0,Low
6,12,39.4,5,0.26,7.42,Weekday,337.9,444.29,1,Medium
3,20,18.14,7,0.0,8.0,Weekday,74.61,275.88,0,Low
4,21,15.42,11,0.38,6.01,Weekday,233.32,367.07,0,Low
5,9,34.25,4,0.57,5.15,Weekday,129.83,278.3,0,Low
2,8,35.18,2,0.48,9.74,Weekend,99.34,163.96,0,Low
2,22,18.01,11,0.86,9.75,Weekend,305.16,339.68,0,Low
6,23,21.64,2,0.11,5.03,Weekend,467.75,564.92,1,Medium
3,8,15.44,5,0.55,6.36,Weekend,74.65,138.44,0,Low
3,11,22.33,1,0.51,9.81,Weekday,239.7,216.64,0,Low
1,14,34.33,5,0.28,3.03,Weekday,368.39,384.61,0,Low
5,22,27.95,5,0.82,5.89,Weekend,258.21,347.49,0,Low
4,23,23.7,7,0.75,3.7,Weekend,412.92,436.27,1,Medium
2,8,24.29,6,0.73,6.56,Weekday,130.84,213.33,0,Low
1,14,15.03,7,0.88,3.17,Weekday,481.82,285.07,0,Low
1,5,22.5,8,0.72,5.85,Weekend,223.32,168.23,0,Low
6,22,31.16,5,0.23,4.54,Weekend,203.71,418.45,1,Medium
2,9,39.35,2,0.71,6.73,Weekend,443.57,387.67,0,Low
6,19,36.18,9,0.31,9.97,Weekday,303.74,551.52,1,Medium
4,21,15.59,2,0.24,8.6,Weekend,282.4,361.91,0,Low
1,7,37.46,10,0.07,8.92,Weekend,377.14,356.31,0,Low
1,16,34.58,11,0.74,7.45,Weekend,310.93,322.29,0,Low
5,6,34.51,0,0.71,3.29,Weekend,123.13,208.6,0,Low
4,5,26.45,10,0.23,4.45,Weekend,353.39,392.48,0,Low
1,21,24.95,4,0.75,9.48,Weekday,110.06,203.42,0,Low
4,20,22.57,3,0.92,5.56,Weekend,412.64,353.19,0,Low
2,9,16.64,8,0.11,3.73,Weekday,495.38,386.94,0,Low
3,19,20.71,8,0.23,7.92,Weekend,219.82,328.84,0,Low
1,7,21.17,4,0.75,5.1,Weekend,250.14,179.79,0,Low
5,11,27.1,9,0.27,4.88,Weekend,70.9,279.91,0,Low
2,15,33.69,3,0.62,9.99,Weekday,56.18,195.14,0,Low
4,14,26.85,6,0.08,9.01,Weekday,464.64,503.57,1,Medium
6,13,16.45,5,0.45,5.86,Weekday,107.88,255.37,0,Low
2,18,38.94,3,0.74,9.86,Weekend,250.6,299.25,0,Low
1,17,38.57,9,0.69,7.55,Weekend,416.91,369.39,0,Low
4,6,34.63,1,0.82,8.19,Weekday,450.19,356.51,0,Low
3,7,39.78,0,0.88,3.22,Weekday,283.73,273.33,0,Low
2,11,28.61,3,0.77,3.85,Weekend,304.26,233.48,0,Low
1,22,39.07,3,0.67,7.43,Weekday,351.36,361.04,0,Low
5,7,16.89,0,0.03,9.29,Weekend,482.62,447.19,1,Medium
6,14,24.14,5,0.53,7.37,Weekday,321.2,402.99,0,Medium
4,11,20.63,3,0.04,3.94,Weekday,301.76,363.24,0,Low
2,13,19.9,0,0.81,3.81,Weekday,56.54,124.39,0,Low
2,21,18.52,0,0.32,8.91,Weekend,86.43,200.3,0,Low
3,15,30.56,0,0.56,3.98,Weekend,309.73,311.41,0,Low
3,11,34.53,7,0.28,6.64,Weekday,471.31,479.68,1,Medium
5,18,29.46,9,0.78,3.26,Weekend,440.01,472.96,1,Medium
6,23,18.67,7,0.89,3.56,Weekend,492.16,461.16,1,Medium
5,8,35.28,1,0.4,7.71,Weekend,287.53,316.03,0,Low
1,10,30.9,10,0.86,7.82,Weekend,404.57,304.47,0,Low
1,14,24.7,6,0.27,5.39,Weekday,428.18,386.06,0,Low
5,11,31.85,7,0.53,4.51,Weekend,341.61,383.19,0,Low
6,17,21.5,7,0.86,8.7,Weekend,202.44,319.32,0,Low
5,18,23.63,10,0.33,4.52,Weekday,261.49,427.03,1,Medium
6,8,37.94,9,0.95,6.79,Weekend,436.06,430.99,1,Medium
6,12,22.26,10,0.12,9.78,Weekend,184.35,371.63,0,Low
4,9,26.75,6,0.02,4.03,Weekend,465.68,473.79,1,Medium
6,5,37.25,4,0.9,9.59,Weekday,153.41,237.81,0,Low
3,8,32.69,0,0.07,4.28,Weekday,387.28,369.25,0,Low
6,7,16.56,11,0.99,6.97,Weekend,333.75,331.08,0,Low
6,13,18.68,8,0.95,5.64,Weekend,387.32,372.44,0,Low
6,12,15.2,6,0.14,9.75,Weekday,246.81,361.44,0,Low
1,5,30.77,1,0.54,4.91,Weekday,469.69,322.82,0,Low
3,10,26.19,5,0.18,5.8,Weekday,334.61,377.44,0,Low
3,13,18.36,1,0.43,9.88,Weekend,179.73,239.66,0,Low
5,11,38.95,0,0.06,6.76,Weekend,337.3,443.48,1,Medium
4,8,28.24,6,0.22,6.52,Weekday,179.07,320.7,0,Low
6,17,21.05,1,0.36,4.8,Weekend,182.13,359.35,0,Low
2,21,27.52,1,0.44,7.91,Weekend,229.82,347.34,0,Low
4,6,31.99,10,0.98,3.1,Weekend,433.59,353.18,0,Low
4,9,16.91,4,0.81,3.35,Weekend,275.13,297.68,0,Low
3,16,21.87,4,0.74,7.2,Weekend,355.51,303.43,0,Low
4,12,35.17,6,0.54,5.39,Weekend,226.39,367.41,0,Low
6,10,26.49,0,0.84,9.67,Weekend,168.62,237.1,0,Low
6,12,28.66,7,0.34,9.32,Weekday,479.59,498.4,1,Medium
1,22,25.82,2,0.71,8.0,Weekday,321.61,305.64,0,Low
6,7,16.1,3,0.99,8.73,Weekday,470.28,334.1,0,Low
6,16,19.14,8,0.31,7.67,Weekday,141.54,330.92,0,Low
3,7,26.14,3,0.67,3.88,Weekday,116.1,160.16,0,Low
6,10,20.23,9,0.84,8.36,Weekday,435.12,375.55,0,Low
1,6,16.25,11,0.92,4.47,Weekday,356.41,228.18,0,Low
2,16,36.09,4,0.72,5.26,Weekday,133.96,271.05,0,Low
3,6,39.53,6,0.28,8.73,Weekday,171.21,285.11,0,Low
2,10,34.83,3,0.33,6.76,Weekend,410.3,397.46,0,Low
3,21,36.34,0,0.02,9.02,Weekend,254.24,382.23,0,Low
5,7,21.05,8,0.76,4.49,Weekday,351.74,304.35,0,Low
4,6,39.02,3,0.04,7.25,Weekend,193.26,340.77,0,Low
5,24,19.92,8,0.86,3.59,Weekend,221.55,371.65,0,Low
6,12,38.79,5,0.12,7.5,Weekday,495.82,556.46,1,Medium
2,16,39.87,0,0.17,8.34,Weekday,161.43,319.86,0,Low
6,8,32.79,11,0.48,7.09,Weekday,277.91,423.23,1,Medium
4,9,39.53,2,0.74,4.86,Weekend,429.98,391.85,0,Low
3,17,29.24,10,0.14,3.22,Weekend,157.65,334.5,0,Low
4,19,21.49,1,0.44,3.84,Weekday,236.85,327.34,0,Low
1,20,25.92,8,0.48,7.36,Weekend,326.79,358.16,0,Low
4,14,29.84,11,0.21,9.54,Weekend,266.53,367.81,0,Low
1,20,16.83,0,0.12,4.45,Weekend,256.78,292.79,0,Low
4,16,30.56,8,0.84,8.15,Weekday,213.13,306.23,0,Low
1,21,39.53,8,0.5,9.07,Weekend,313.99,366.79,0,Low
2,20,19.75,7,0.01,6.65,Weekend,330.97,390.34,0,Low
6,16,34.81,7,0.8,7.68,Weekend,343.98,401.11,0,Medium
6,12,37.7,10,0.98,8.71,Weekend,81.67,245.72,0,Low
5,24,38.59,11,0.61,4.82,Weekend,333.97,487.09,1,Medium
6,7,39.0,0,0.5,5.08,Weekend,478.96,479.52,1,Medium
3,20,28.04,10,0.88,3.0,Weekend,293.44,335.89,0,Low
4,17,39.43,7,0.95,9.74,Weekday,371.87,383.01,0,Low
5,23,33.93,9,0.75,9.42,Weekday,300.53,411.95,1,Medium
3,12,19.04,2,0.45,8.35,Weekend,434.63,368.41,0,Low
3,9,26.92,10,0.59,3.55,Weekday,468.31,434.26,1,Medium
1,24,32.96,6,0.7,6.13,Weekend,132.9,274.74,0,Low
6,12,21.18,10,0.19,3.71,Weekend,246.59,413.85,1,Medium
2,16,31.02,0,0.45,3.11,Weekend,226.57,260.39,0,Low
2,5,31.67,0,0.83,7.31,Weekday,232.35,191.71,0,Low
5,24,19.07,9,0.65,9.73,Weekend,106.49,321.83,0,Low
2,10,29.13,4,0.41,9.32,Weekend,416.13,332.47,0,Low
4,22,34.29,4,0.66,7.88,Weekday,66.09,262.75,0,Low
2,12,27.47,7,0.12,3.68,Weekday,287.7,361.1,0,Low
5,11,15.3,6,0.4,4.92,Weekend,347.85,363.99,0,Low
2,5,15.23,7,0.79,5.24,Weekday,143.36,112.07,0,Low
4,20,23.93,5,0.22,8.34,Weekday,457.63,445.99,1,Medium
1,16,38.15,5,0.19,8.62,Weekend,427.35,455.87,1,Medium
5,10,20.72,1,0.95,5.7,Weekend,261.99,211.09,0,Low
1,24,30.86,5,0.21,5.93,Weekend,235.02,361.74,0,Low
1,6,20.55,4,0.26,3.31,Weekday,156.46,169.22,0,Low
1,18,23.04,2,0.97,5.02,Weekday,378.5,300.31,0,Low
3,8,36.2,5,0.73,6.16,Weekday,109.28,189.4,0,Low
6,5,33.22,7,0.7,3.82,Weekend,356.11,433.01,1,Medium
3,22,17.38,8,0.85,6.17,Weekday,429.11,391.74,0,Low
6,17,25.72,0,0.12,8.97,Weekday,152.81,357.91,0,Low
1,6,15.73,2,0.71,7.07,Weekend,439.89,238.67,0,Low
5,13,27.02,2,0.5,3.55,Weekend,65.0,233.89,0,Low
6,6,31.56,10,0.83,4.34,Weekend,460.75,429.91,1,Medium
4,13,17.96,7,0.51,6.32,Weekday,103.26,263.43,0,Low
4,5,22.22,0,0.62,5.53,Weekend,340.59,287.97,0,Low
2,15,24.95,4,0.48,5.51,Weekday,162.54,250.0,0,Low
6,7,37.99,2,0.48,6.7,Weekday,426.45,452.85,1,Medium
5,24,39.83,1,0.77,7.09,Weekend,280.54,419.33,1,Medium
3,8,16.12,7,0.63,8.58,Weekend,110.86,141.0,0,Low
1,22,34.03,2,0.63,5.39,Weekend,306.95,371.55,0,Low
2,10,24.29,6,0.45,8.64,Weekend,233.55,241.1,0,Low
4,7,24.81,11,0.53,5.37,Weekend,347.65,353.49,0,Low
3,15,33.86,10,0.75,3.39,Weekday,446.86,455.64,1,Medium
3,19,37.96,0,0.83,6.88,Weekday,234.23,341.69,0,Low
1,9,38.77,5,0.7,7.12,Weekday,180.45,237.65,0,Low
6,24,29.43,2,0.92,9.54,Weekend,56.53,262.46,0,Low
4,14,23.93,7,0.82,8.08,Weekday,308.68,324.68,0,Low
5,16,34.69,5,0.56,9.42,Weekend,231.02,366.92,0,Low
3,19,21.28,11,0.67,9.36,Weekend,218.59,309.18,0,Low
1,21,29.1,1,0.93,7.23,Weekday,132.32,164.86,0,Low
5,14,23.96,5,0.62,6.69,Weekday,243.52,346.84,0,Low
6,10,31.42,6,0.82,6.9,Weekend,493.0,455.45,1,Medium
4,22,21.01,4,0.69,9.85,Weekday,183.99,277.58,0,Low
6,17,19.79,2,0.55,8.41,Weekend,319.87,367.34,0,Low
3,7,37.96,3,0.24,3.74,Weekday,399.42,401.99,0,Medium
5,14,17.55,3,0.43,8.45,Weekday,387.12,357.15,0,Low
5,18,27.65,5,0.97,4.19,Weekday,197.95,312.49,0,Low
5,10,20.52,9,0.66,6.13,Weekday,324.89,348.7,0,Low
3,7,15.97,0,0.56,4.47,Weekday,442.07,339.26,0,Low
3,20,15.9,10,0.93,7.83,Weekend,56.95,184.73,0,Low
6,11,19.38,3,0.59,9.14,Weekday,246.08,287.47,0,Low
2,24,36.67,9,0.53,5.03,Weekday,150.92,304.51,0,Low
6,18,22.06,3,0.76,3.57,Weekday,224.88,316.81,0,Low
4,13,38.76,9,0.71,5.09,Weekend,237.2,339.18,0,Low
1,19,29.54,0,0.19,7.71,Weekend,386.0,366.27,0,Low
5,7,25.92,8,0.47,5.3,Weekend,92.22,246.44,0,Low
2,6,29.5,3,0.47,4.95,Weekend,280.66,251.98,0,Low
1,6,27.92,6,0.38,4.29,Weekend,303.89,276.79,0,Low
2,7,33.97,11,0.52,6.48,Weekday,272.37,294.68,0,Low
6,22,22.06,2,0.41,4.93,Weekday,379.34,465.48,1,Medium
3,18,23.83,9,0.2,8.12,Weekday,222.71,342.64,0,Low
5,24,37.35,11,0.41,3.54,Weekend,475.24,597.59,1,Medium
6,22,38.66,2,0.07,7.65,Weekend,266.81,493.43,1,Medium
1,14,37.31,7,0.58,4.66,Weekday,307.05,329.33,0,Low
1,6,25.49,7,0.85,6.42,Weekend,421.49,276.06,0,Low
1,5,34.51,10,0.73,5.0,Weekend,173.86,172.08,0,Low
1,8,26.91,11,0.36,8.06,Weekend,83.84,218.92,0,Low
1,18,27.44,0,0.09,9.62,Weekday,368.5,353.95,0,Low
2,5,20.12,9,0.2,9.42,Weekday,267.36,276.85,0,Low
6,18,29.78,1,0.55,7.08,Weekend,453.43,481.93,1,Medium
5,20,19.65,7,0.21,6.24,Weekend,492.21,508.38,1,Medium
3,18,23.29,0,0.54,8.73,Weekend,229.6,307.76,0,Low
3,24,36.38,11,0.23,7.78,Weekend,236.95,404.19,1,Medium
6,7,20.18,7,0.85,4.28,Weekday,233.58,310.01,0,Low
6,7,16.78,7,0.4,8.75,Weekend,196.05,304.8,0,Low
3,13,16.73,1,0.25,6.0,Weekday,401.76,350.14,0,Low
3,10,38.52,3,0.81,4.32,Weekday,391.55,347.63,0,Low
2,17,27.67,5,0.34,4.97,Weekday,265.39,282.37,0,Low
4,6,25.24,11,0.11,4.87,Weekend,70.1,236.81,0,Low
5,12,35.27,10,0.57,6.63,Weekday,189.3,336.38,0,Low
1,6,35.9,8,0.58,4.64,Weekday,181.54,225.99,0,Low
4,8,23.3,7,0.71,3.86,Weekend,414.99,379.59,0,Low
6,19,32.34,11,0.24,3.87,Weekend,89.41,417.48,1,Medium
3,8,34.28,7,0.44,7.08,Weekend,412.55,398.56,0,Low
4,17,31.37,6,0.28,8.14,Weekday,351.13,434.79,1,Medium
5,16,18.79,8,0.08,5.25,Weekend,379.6,440.36,1,Medium
6,17,36.9,1,0.88,3.24,Weekday,244.5,319.65,0,Low
1,18,28.48,2,0.73,3.89,Weekday,355.88,296.26,0,Low
1,24,22.06,9,0.3,9.4,Weekend,324.06,370.1,0,Low
5,22,25.63,7,0.6,6.45,Weekday,396.04,472.42,1,Medium
5,10,15.94,5,0.2,6.18,Weekday,251.05,333.74,0,Low
3,15,18.2,9,0.89,3.27,Weekday,262.77,272.42,0,Low
1,6,34.14,8,0.11,8.1,Weekday,339.61,331.61,0,Low
6,23,15.0,9,0.0,6.7,Weekend,98.63,325.67,0,Low
4,23,25.41,3,0.5,4.41,Weekday,246.31,317.95,0,Low
6,9,28.06,7,0.58,3.77,Weekend,487.38,429.6,1,Medium
2,23,16.37,9,0.58,5.68,Weekday,66.9,209.72,0,Low
2,6,39.33,2,0.05,8.86,Weekday,192.2,306.97,0,Low
5,14,20.65,2,0.31,9.06,Weekend,191.35,323.97,0,Low
3,6,22.6,7,0.5,7.22,Weekday,335.06,319.2,0,Low
2,15,22.6,4,0.22,8.09,Weekday,97.61,215.3,0,Low
1,22,20.76,2,0.87,3.81,Weekday,332.84,302.59,0,Low
6,19,15.04,9,0.09,7.12,Weekday,92.77,314.88,0,Low
6,13,33.23,10,0.49,7.67,Weekday,92.73,339.12,0,Low
5,23,39.17,0,0.69,4.4,Weekday,377.68,418.86,1,Medium
4,13,20.61,2,0.26,9.16,Weekend,195.86,263.22,0,Low
5,7,31.58,11,0.62,4.36,Weekend,489.84,489.71,1,Medium
4,13,33.55,8,0.83,5.19,Weekend,66.81,223.98,0,Low
5,18,36.21,4,0.19,7.34,Weekday,250.3,407.16,1,Medium
5,23,25.57,11,0.92,7.47,Weekday,100.91,316.22,0,Low
5,11,22.57,9,0.55,7.9,Weekday,208.12,332.12,0,Low
4,20,23.13,1,0.3,3.78,Weekend,499.2,464.32,1,Medium
4,20,32.82,6,0.43,8.95,Weekday,449.98,490.02,1,Medium
5,5,35.42,1,0.31,6.73,Weekend,71.75,242.87,0,Low
2,8,19.54,3,0.73,6.3,Weekday,303.47,172.81,0,Low
3,8,24.27,11,0.8,9.87,Weekday,341.52,279.65,0,Low
3,11,37.55,6,0.83,8.18,Weekday,144.29,259.64,0,Low
3,12,35.17,3,0.99,3.83,Weekend,115.3,179.51,0,Low
4,21,39.62,6,0.79,8.3,Weekday,456.97,487.94,1,Medium
4,9,33.86,6,0.6,3.67,Weekend,485.97,438.83,1,Medium
2,11,24.83,0,0.34,3.19,Weekday,496.35,407.97,1,Medium
3,24,29.77,5,0.54,5.83,Weekday,405.39,410.73,1,Medium
3,24,31.53,8,0.04,9.96,Weekend,348.58,484.76,1,Medium
5,8,16.96,1,0.74,4.22,Weekday,205.58,222.36,0,Low
4,10,28.61,2,0.45,7.71,Weekday,127.13,226.6,0,Low
3,11,32.73,9,0.02,4.21,Weekday,85.54,274.02,0,Low
6,22,19.18,4,0.06,8.07,Weekday,361.98,483.08,1,Medium
2,9,34.52,8,0.39,6.54,Weekend,403.13,395.72,0,Low
6,24,29.59,3,0.58,7.76,Weekend,421.9,494.99,1,Medium
6,7,38.81,0,0.46,4.42,Weekday,461.19,457.92,1,Medium
2,11,16.06,3,0.62,8.22,Weekday,445.97,306.2,0,Low
6,18,21.63,5,0.48,9.97,Weekend,499.88,488.19,1,Medium
3,11,30.04,4,0.66,7.66,Weekday,159.83,219.19,0,Low
4,9,22.41,0,0.22,6.45,Weekend,393.49,356.6,0,Low
2,9,32.86,3,0.11,9.46,Weekday,313.91,353.43,0,Low
5,6,33.98,5,0.6,3.11,Weekend,167.56,289.85,0,Low
6,10,17.56,9,0.48,8.11,Weekend,491.86,431.09,1,Medium
2,19,27.85,9,0.03,9.22,Weekend,454.05,460.65,1,Medium
1,14,27.72,3,0.38,3.43,Weekend,107.83,186.87,0,Low
1,11,24.23,8,0.11,6.15,Weekday,61.77,198.29,0,Low
4,9,38.32,4,0.53,4.43,Weekday,359.75,349.17,0,Low
3,5,35.69,7,0.4,6.97,Weekend,321.86,323.42,0,Low
4,17,32.43,8,0.61,7.55,Weekend,471.12,441.14,1,Medium
